scientificName,
Acanthodes,
Cheiracanthus,
Homalacanthus,
Pseudacanthodes,
Traquairichthys,
Acanthostega,
Acanthurus,
Protautoga,
Tautoga,
Accipiter,
Buteo,
Circus,
Geranoaetus,
Haliaeetus,
Palaeoborus,
Palaeoplancus,
Proictinia,
Pseudastur,
Spizaetus,
Titanohierax,
Parahyus,
Acipenser,
Acrocephalus,
Acrodelphis,
Arcrodelphis,
Champsodelphis,
Hesperocetus,
Acrolepis,
Boreosomus,
Actinodon,
Adapis,
Hipposyus,
Tomitherium,
Aeduella,
Westollia,
Aepyornis,
Mullerornis,
Aetiocetus,
Ashorocetus,
Chonecetus,
Morawanocetus,
Willungacetus,
Tinosaurus,
Helicoprion,
Toxoprion,
Agorophius,
Agriochoerus,
Diplobunops,
Mesagriochoerus,
Protoreodon,
Euchambersia,
Proalopecopsis,
Albanerpeton,
Albireo,
Albula,
Chicolepis,
Coriops,
Paralbula,
Petalolepis,
Pterothrissus,
Alca,
Cyclorrhynchus,
Fratercula,
Miocepphus,
Pinguinus,
Pseudocepphus,
Alle,
Hydrocynus,
Alligator,
Allognathosuchus,
Brachychampsa,
Deinosuchus,
Procaimanoidea,
Purussaurus,
Stangerochampsa,
Allodelphis,
Arktocara,
Goedertius,
Zarhinocetus,
Ctenacodon,
Psalodon,
Campestrallomys,
Haplomys,
Spurimus,
Allosaurus,
Antrodemus,
Alopecias,
Alopias,
Leptostyrax,
Amblypterus,
Ambulocetus,
Gandakasia,
Ambystoma,
Amia,
Amiopsis,
Ennelis,
Melvius,
Pappichthys,
Paramiatus,
Platacodon,
Stylomyleodon,
Urocles,
Amphibamus,
Gerobatrachus,
Micropholis,
Tersomius,
Kolponomos,
Amphicynodon,
Amphicyon,
Cynelos,
Cynodictis,
Daphoenictis,
Daphoenid,
Daphoenocyon,
Daphoenus,
Ischyrocyon,
Proamphicyon,
Protemnocyon,
Temnocyon,
Colpocherus,
Macrocranion,
Aploconodon,
Phascolodon,
Amphisbaena,
Amphitherium,
Amynodon,
Metamynodon,
Toxotherium,
Microcorax,
Aix,
Anabernicula,
Anas,
Anser,
Archaeocycnus,
Aythya,
Branta,
Bucephala,
Charitonetta,
Chelychelynechen,
Chen,
Chenopis,
Clangula,
Cnemiornis,
Cygnopterus,
Cygnus,
Dendrocygna,
Erismatura,
Geochen,
Heterochen,
Histrionicus,
Lophodytes,
Melanitta,
Mergus,
Nettion,
Nyroca,
Oxyura,
Presbychen,
Ptaiochen,
Querquedula,
Talpanas,
Thambetochen,
Arpadosaurus,
Celestus,
Diploglossus,
Eoglyptosaurus,
Gaultia,
Gerrhonotus,
Glyptosaurus,
Helodermoides,
Melanosaurus,
Odaxosaurus,
Oreosaurus,
Paraglyptosaurus,
Parophisaurus,
Peltosaurus,
Proxestops,
Xestops,
Anguilla,
Anhinga,
Coniophis,
Siemensichthys,
Ankylosaurus,
Anodontosaurus,
Dyoplosaurus,
Euoplocephalus,
Glyptodontopelta,
Kunbarrasaurus,
Minmi,
Nodocephalosaurus,
Oohkotokia,
Scolosaurus,
Tatankacephalus,
Anoplotherium,
Anteosaurus,
Anthracobune,
Eobaphetes,
Aepinacodon,
Ancodon,
Anconodon,
Anthracothere,
Elomeryx,
Merycopotamus,
Antilocapra,
Capromeryx,
Ceratomeryx,
Cosoryx,
Cranioceras,
Dicrocerus,
Hexameryx,
Merycodon,
Merycodus,
Palaeomeryx,
Procranioceras,
Ramoceros,
Stockoceros,
Tetrameryx,
Yumaceras,
Apatemys,
Labidolemur,
Teilhardella,
Apheliscus,
Haplomylus,
Amphiplaga,
Asineops,
Erismatopterus,
Trichophanes,
Allomys,
Altasciurus,
Cedromus,
Dakotallomys,
Promeniscomys,
Prosciurus,
Pseudaplodon,
Selenomys,
Tachornis,
Apogon,
Oligoryctes,
Araeoscelis,
Aramus,
Prosotherium,
Archaeopteryx,
Anacodon,
Baioconodon,
Chriacus,
Claenodon,
Desmatoclaenus,
Deuterogonodon,
Eoconodon,
Goniacodon,
Lambertocyon,
Loxolophus,
Mentoclaenodon,
Metachriacus,
Mimotricentes,
Neoclaenodon,
Oxyclaenus,
Paradoxodon,
Princetonia,
Prothryptacodon,
Protochriacus,
Protogonodon,
Protungulatum,
Sarcothraustes,
Spanoxyodon,
Thryptacodon,
Tricentes,
Triisodon,
Anatolostylops,
Ardea,
Ardeola,
Botaurus,
Butorides,
Casmerodius,
Egretta,
Florida,
Gnotornis,
Hydranassa,
Ixobrychus,
Nyctanassa,
Nycticorax,
Argentina,
Bathylagus,
Lygisma,
Ariopsis,
Arius,
Astephas,
Galeichthys,
Rhineastes,
Tatenectes,
Crivadiatherium,
Palaeomasia,
Ascalabos,
Tharsis,
Askeptosaurus,
Aspidorhynchus,
Belonostomus,
Vinctifer,
Astrapotherium,
Astraspis,
Asterolepis,
Bothriolepis,
Pterichthyodes,
Atherina,
Aublysodon,
Aulacocephalodon,
Pelanomodon,
Aulostoma,
Tyleria,
Avisaurus,
Concornis,
Bennettazhia,
Quetzalcoatlus,
Navajodactylus,
Baena,
Boremys,
Chisternon,
Compsemys,
Denazinemys,
Eubaena,
Neurankylus,
Scabremys,
Thescelus,
Trachemys,
Bagre,
Bagrus,
Bucklandium,
Claibornichthys,
Felichthys,
Balaena,
Balaenella,
Balaenidae,
Balaenotus,
Balaenula,
Balenotus,
Eubalaena,
Morenocetus,
Archaeobalaenoptera,
Balaenoptera,
Burtinopsis,
Cetotheriophanes,
Idiocetus,
Megaptera,
Mesoteras,
Plesiocetus,
Aluterus,
Balistes,
Mola,
Baptornis,
Barberenia,
Quirogatherium,
Leptolambda,
Ancalecetus,
Basilosaurus,
Basiloterus,
Chrysocetus,
Cynthiacetus,
Dorudon,
Kekenodon,
Masracetus,
Metasqualodon,
Ocucajea,
Phococetus,
Pontobasileus,
Pontogeneus,
Saghacetus,
Stromerius,
Supayacetus,
Zeuglodon,
Zygorhiza,
Bathornis,
Opsanus,
Batrachosauroides,
Opisthotriton,
Bauria,
Microgomphodon,
Sesamodon,
Beryx,
Birgeria,
Pharyngolepis,
Pterolepis,
Rhyncholepis,
Aglyptorhynchus,
Bobasatrania,
Asillahyllos,
Boavus,
Calamagras,
Cheilophis,
Epicrates,
Ogmophis,
Protagras,
Pterygoboa,
Tropidophis,
Bolosaurus,
Bondesius,
Cladosictis,
Evesthes,
Paralichthys,
Chedighaii,
Aepyceros,
Aftonius,
Antidorcas,
Bison,
Bootherium,
Bos,
Capra,
Connochaetes,
Damaliscus,
Euceratherium,
Gazella,
Helicotragus,
Hippotragus,
Kobus,
Liops,
Litocranius,
Myotragus,
Nanger,
Neotragocerus,
Oryx,
Ovbovini,
Ovibos,
Ovis,
Palaeoreas,
Palaeoryx,
Praeovibos,
Praeovibus,
Preptoceras,
Saiga,
Scaphoceros,
Soergelia,
Symbos,
Syncerus,
Taurotragus,
Tragelaphus,
Tragocerus,
Brachiosaurus,
Caulolatilus,
Batrachosuchus,
Quasicaecilia,
Apateon,
Branchiosaurus,
Eumicrerpeton,
Melanerpeton,
Allops,
Brontops,
Brontotherium,
Diplacodon,
Diploclonus,
Duchesneodus,
Eotitanops,
Lambdotherium,
Limnohyops,
Manteoceras,
Megacerops,
Menodus,
Menops,
Mesatirhinus,
Mulkrajanops,
Notiotitanops,
Palaeosyops,
Palaeotherium,
Plagiolophus,
Symborodon,
Teleodus,
Telmatherium,
Titanops,
Titanotherium,
Bufo,
Peltophryne,
Burhinus,
Palaeothentes,
Camarasaurus,
Morosaurus,
Smitanosaurus,
Aepycamelus,
Auchenia,
Blickomylus,
Camelops,
Camelus,
Gigantocamelus,
Hemiauchenia,
Holomeniscus,
Homocamelus,
Lama,
Megalomeryx,
Megatylopus,
Neollama,
Nothokemas,
Oxydactylus,
Palaeolama,
Paratylopus,
Pliauchenia,
Poebrodon,
Poebrotherium,
Procamelus,
Protolabis,
Rakomylus,
Stenomylus,
Tanupolama,
Titanotylopus,
Camptosaurus,
Osmakasaurus,
Planicoxa,
Aelurodon,
Aenocyon,
Borophagus,
Canis,
Cynarctoides,
Cynarctus,
Cynodesmus,
Hemicyon,
Hesperocyon,
Hyaenognathus,
Leptocyon,
Mesocyon,
Nothocyon,
Osbornodon,
Osteoborus,
Pseudocynodictis,
Strobodon,
Tephrocyon,
Tomarctus,
Urocyon,
Vulpes,
Wetlugasaurus,
Caprimulgus,
Chordeiles,
Siphonorhis,
Aphaetreus,
Hexolobodon,
Isolobodon,
Quemisia,
Captorhinikos,
Captorhinus,
Eocaptorhinus,
Labidosaurikos,
Labidosaurus,
Opisthodontosaurus,
Carangopsis,
Caranx,
Decapterus,
Ductor,
Eothynnus,
Seriola,
Teratichthys,
Vomeropsis,
Carapus,
Abdounia,
Carcharhinus,
Eugaleus,
Galeocerdo,
Galeorhinus,
Hemipristis,
Hypoprion,
Mustelus,
Negaprion,
Paratriakis,
Physodon,
Physogaleus,
Prionodon,
Rhizoprionodon,
Sphenopteridium,
Striatolamna,
Triaenodon,
Acrocanthosaurus,
Anosteira,
Carpodaptes,
Carpolestes,
Elphidotarsius,
Cotylorhynchus,
Agnotocastor,
Anchitheriomys,
Castor,
Castoroides,
Chalicomys,
Daemonhelix,
Dipoides,
Eocastoroides,
Eucastor,
Euhapsis,
Fossorcastor,
Monosaulax,
Palaeocastor,
Paleocastor,
Paradipoides,
Stenofiber,
Brasilogyps,
Cathartes,
Coragyps,
Gymnogyps,
Palaeogyps,
Phasmagyps,
Plesiocathartes,
Teratornis,
Amyzon,
Catostomus,
Chasmites,
Caturus,
Eugnathus,
Furo,
Ionoscopus,
Macrepistius,
Caudipteryx,
Archoplites,
Centrarchites,
Chaenobryttus,
Oligoplarchus,
Aeoliscus,
Lates,
Alaspis,
Cephalaspis,
Securiaspis,
Thyestes,
Zenaspis,
Cepola,
Ceratodus,
Gosfordia,
Agathaumas,
Arrhinoceratops,
Avaceratops,
Brachyceratops,
Centrosaurus,
Ceratops,
Chasmosaurus,
Diceratops,
Diceratus,
Eoceratops,
Monoclonius,
Nedoceratops,
Pentaceratops,
Polyonax,
Rubeosaurus,
Styracosaurus,
Torosaurus,
Triceratops,
Turanoceratops,
Zuniceratops,
Ceratosaurus,
Papio,
Alces,
Cervalces,
Cervus,
Megaloceros,
Metacervulus,
Odocoileus,
Rangifer,
Sangamona,
Haplocanthosaurus,
Cetorhinus,
Aglaocetus,
Amphicetus,
Cephalotropis,
Cetotherium,
Cophocetus,
Diorocetus,
Halicetus,
Herpetocetus,
Heterocetus,
Isanacetus,
Isocetus,
Mesocetus,
Metopocetus,
Nannocetus,
Parietobalaena,
Pelocetus,
Pinocetus,
Piscobalaena,
Siphonocetus,
Telocetotherium,
Thinocetus,
Tiphyocetus,
Tretulias,
Ulias,
Cetotheriopsis,
Micromysticetus,
Tylocephalonyx,
Champsosaurus,
Characilepis,
Eobrycon,
Erythrinolepis,
Charadrius,
Pluvialis,
Cheirolepis,
Chirothrix,
Pelocomastes,
Caretta,
Catapleura,
Chelone,
Chelonia,
Desmatochelys,
Eosphargis,
Eretmochelys,
Kurobechelys,
Lembonax,
Lepidochelys,
Procolpochelys,
Puppigeus,
Syllomus,
Tasbacka,
Acherontemys,
Chelydra,
Macrochelys,
Chimaerotheca,
Edaphodon,
Ischyodus,
Myledaphus,
Mylognathus,
Pachymylus,
Perimys,
Chirodus,
Globulodus,
Helodus,
Cichlasoma,
Nandopsis,
Oreochromis,
Tilapia,
Ciconia,
Jabiru,
Leptoptilos,
Tantalus,
Batodon,
Cimolestes,
Didelphodus,
Gelastops,
Procerberus,
Allacodon,
Bryceomys,
Cimolodon,
Paracimexomys,
Cimolomys,
Essonodon,
Meniscoessus,
Oracodon,
Tripriodon,
Cladodus,
Cladoselache,
Glikmanius,
Pericladodus,
Tamiobatis,
Clarias,
Clarotes,
Cleithrolepis,
Pterygocephalus,
Alosa,
Bolcaichthys,
Brevoortia,
Clupea,
Diplomystus,
Etringus,
Ganolytes,
Histiothrissa,
Knightia,
Meletta,
Pomolobus,
Richardsonius,
Sardinella,
Syllaemus,
Xyne,
Coccosteus,
Liognathus,
Ostophorus,
Plourdosteus,
Protitanichthys,
Chenoprosopus,
Cochleosaurus,
Aspidodus,
Chitinodus,
Chitonodus,
Cochliodus,
Crassidonta,
Deltodopsis,
Deltodus,
Deltoptychius,
Erismacanthus,
Gampsacanthus,
Icanodus,
Lecracanthus,
Listracanthus,
Orthopleurodus,
Phigeacanthus,
Platyxystrodus,
Poecilodus,
Psephodus,
Sandalodus,
Stenopterodus,
Streblodus,
Synthetodus,
Taeniodus,
Taraodus,
Trigonodus,
Vaticinodus,
Xenodus,
Xystrodus,
Coelacanthus,
Diplurus,
Piveteauia,
Spermatodus,
Whiteia,
Coelophysis,
Syntarsus,
Coelurus,
Palaeospiza,
Colombitherium,
Greererpeton,
Alsophis,
Arrhyton,
Carphophis,
Coluber,
Diadophis,
Drymarchon,
Elaphe,
Heterodon,
Lampropeltis,
Natrix,
Nerodia,
Opheodrys,
Palaeoelaphe,
Pollackophis,
Storeia,
Storeria,
Thamnophis,
Raphus,
Chloroenas,
Columba,
Columbina,
Dysmoropelia,
Ectopistes,
Gallicolumba,
Geopelia,
Geotrygon,
Hemiphaga,
Ptilinopus,
Streptopelia,
Zenaida,
Zenaidura,
Colymboides,
Commentrya,
Compsognathus,
Sinosauropteryx,
Conchopoma,
Confuciusornis,
Bolcyrus,
Conger,
Congermuraena,
Parbatmya,
Uroconger,
Voltaconger,
Copodus,
Labodus,
Cornuboniscus,
Lambdodus,
Chasiempis,
Corvus,
Coryphaena,
Bathmodon,
Coryphodon,
Metalophodon,
Cottus,
Eocottus,
Ortalis,
Paraisurus,
Plicatolamna,
Protolamna,
Allophaiomys,
Allophipomys,
Arvicola,
Atopomys,
Calomys,
Cleithrionomys,
Clethrionomys,
Copemys,
Dicrostonyx,
Eligmodontia,
Eucricetodon,
Eumys,
Hesperomys,
Kanisamys,
Lasiopodomys,
Leidymys,
Lemmus,
Megaoryzomys,
Microtoscoptes,
Microtus,
Mictomys,
Mimomys,
Nebraskomys,
Neofiber,
Neotoma,
Noronhomys,
Ogmodontomys,
Ondatra,
Onychomys,
Ophiomys,
Parahodomys,
Paramyscus,
Peromyscus,
Phenacomys,
Pitymys,
Pliomys,
Pliophenacomys,
Pliopotamys,
Poamys,
Scottimus,
Sigmodon,
Synaptomys,
Trilophomys,
Zapus,
Archeria,
Cricotus,
Crocodilus,
Borealosuchus,
Bottosaurus,
Charactosuchus,
Crocodylus,
Dinosuchus,
Eosuchus,
Gavialosuchus,
Holops,
Leidyosuchus,
Thecachampsa,
Thecachampsoides,
Tomistoma,
Apsopelix,
Leptichthys,
Paleoclupea,
Andrias,
Pantosaurus,
Cryptobranchus,
Amelacanthus,
Ctenacanthus,
Eunemacanthus,
Phoebodus,
Cteniogenys,
Ctenodus,
Ctenothrissa,
Coccyzus,
Saurothera,
Allocryptaspis,
Americaspis,
Archegonaspis,
Homaspis,
Poraspis,
Vernonaspis,
Ardynomys,
Cylindrodon,
Dawsonomys,
Mysops,
Pseudocylindrodon,
Sespemys,
Tuscahomys,
Cynognathus,
Acrocheilus,
Alisodon,
Anchybopsis,
Barbus,
Diastichus,
Evomus,
Gila,
Leuciscus,
Mylocyprinus,
Mylopharodon,
Nocomis,
Oligobelus,
Orthodon,
Ptychocheilus,
Semotilus,
Sigmopharyngodon,
Carrionellus,
Cyprinodon,
Fundulus,
Parafundulus,
Prolebias,
Cyriacotherium,
Dalpiazina,
Dartmuthia,
Acanthobatis,
Dasyatis,
Heliobatis,
Hypolophodon,
Hypolophus,
Meridiania,
Ptychotrygon,
Rhombodus,
Trygon,
Urogymnus,
Xiphotrygon,
Chlamytherium,
Dasypus,
Eutatus,
Holmesina,
Pampatherium,
Cephalomys,
Dasyprocta,
Neoreomys,
Polyptychodon,
Deinotherium,
Agabelus,
Anacharsis,
Armidelphis,
Astadelphis,
Australodelphis,
Belosphys,
Cephalorhynchus,
Cetorhinops,
Delphinis,
Delphinus,
Doliodelphis,
Feresa,
Globicephala,
Grampus,
Hemisyntrachelus,
Ixacanthus,
Lagenodelphis,
Lagenorhynchus,
Leucopleurus,
Lissodelphis,
Orcaella,
Orcinus,
Pelodelphis,
Peponocephala,
Priscodelphinus,
Prodelphinus,
Pseudorca,
Sagmatias,
Sotalia,
Sousa,
Stenella,
Steno,
Tursiops,
Deltatherium,
Telacodon,
Sulestes,
Dendrerpeton,
Benthesikyme,
Dercetis,
Stratodus,
Baptemys,
Dermatemys,
Notomorpha,
Adocus,
Agomphus,
Alamosemys,
Basilemys,
Hoplochelys,
Kallistra,
Trachyaspis,
Allopleuron,
Peritresius,
Psephophorus,
Allodesmus,
Desmatophoca,
Ashoroa,
Desmostylus,
Vanderhoofius,
Diacodexis,
Diadectes,
Nothodon,
Diademodon,
Achaenodon,
Antiacodon,
Apriculus,
Bunomeryx,
Bunophorus,
Dichobune,
Hexacodus,
Homacodon,
Meniscodon,
Microsus,
Mytonomeryx,
Pentacemylus,
Sarcolemur,
Simpsonotis,
Trigonolestes,
Basilodon,
Cistecephalus,
Daptocephalus,
Dicynodon,
Diictodon,
Eosimops,
Kombuisia,
Koupia,
Oudenodon,
Platypodosaurus,
Rhachiocephalus,
Tropidostoma,
Alphadon,
Didelphidectes,
Didelphis,
Glasbius,
Nanodelphys,
Peratherium,
Roberthoffstetteria,
Dilophosaurus,
Dimorphodon,
Dinichthys,
Dunkleosteus,
Eastmanosteus,
Hussakofia,
Dinopteryx,
Anomalopteryx,
Dinornis,
Emeus,
Euryapteryx,
Megalapteryx,
Meionornis,
Mesopteryx,
Pachyornis,
Chilomycterus,
Diodon,
Kyrtogymnodon,
Diomedea,
Diplacanthus,
Homacanthus,
Rhabdoderma,
Apatosaurus,
Barosaurus,
Brontosaurus,
Diplodocus,
Galeamopus,
Rebbachisaurus,
Dicentrodus,
Napaeozapus,
Diprotodon,
Hulitherium,
Protemnodon,
Conchodus,
Dipterus,
Enneabatrachus,
Discosauriscus,
Letoverpeton,
Aspidosaurus,
Astreptorhachis,
Broiliellus,
Cacops,
Dissorophus,
Mordex,
Parioxys,
Docodon,
Enneodon,
Oxydoras,
Ankylodon,
Scenopagus,
Doswellia,
Drepanaspis,
Psammosteus,
Acheroraptor,
Deinonychus,
Dromaeosaurus,
Saurornitholestes,
Utahraptor,
Dromaeus,
Emu,
Dromatherium,
Genyornis,
Amblotherium,
Comotherium,
Dryolestes,
Groebertherium,
Herpetairus,
Kepolestes,
Laodon,
Laolestes,
Leonardus,
Melanodon,
Miccylotrans,
Dryptosaurus,
Dsungaripterus,
Callistosiren,
Corystosiren,
Corytosiren,
Crenatosiren,
Dioplotherium,
Dusisiren,
Eosiren,
Eotheroides,
Felsinotherium,
Halianassa,
Halitherium,
Hesperosiren,
Hydrodamalis,
Ishatherium,
Metaxytherium,
Nanosiren,
Petrosiren,
Prorastomus,
Xenosiren,
Hyposaurus,
Boromys,
Brotomys,
Spaniomys,
Echinorhinus,
Edaphosaurus,
Naosaurus,
Agassizodus,
Batacanthus,
Campodus,
Campyloprion,
Desmiodus,
Drepanacanthus,
Edestus,
Erikodus,
Fadenia,
Leiodus,
Lissoprion,
Orodus,
Physonemus,
Edops,
Elasmosaurus,
Oligosimus,
Styxosaurus,
Thalassiosaurus,
Proeleginops,
Archidiskodon,
Elephas,
Loxodonta,
Mammuthus,
Mastodon,
Palaeoloxodon,
Elonichthys,
Gonatodus,
Illiniichthys,
Nozamichthys,
Brannerion,
Elopopsis,
Elops,
Helmintholepis,
Holcolepis,
Laminospondylus,
Magalops,
Megalops,
Notelops,
Osmeroides,
Rhacolepis,
Spaniodon,
Thrissops,
Thrissopteroides,
Agelaius,
Icterus,
Palaeostruthus,
Pedinorhis,
Pipilo,
Tiaris,
Chrysemys,
Clemmys,
Deirochelys,
Echmatemys,
Emys,
Palaeotheca,
Pseudemys,
Terrapene,
Enaliarctos,
Kamschatarctos,
Cimolichthys,
Enchodus,
Eurypholis,
Halec,
Halecodon,
Prionolepis,
Emydops,
Endothiodon,
Pristerodon,
Robertia,
Ammodon,
Archaeotherium,
Arctodon,
Autodon,
Daeodon,
Dinohyus,
Elotherium,
Entelodon,
Eotherium,
Eocardia,
Schistomys,
Eogrus,
Neopteroplax,
Palaeoherpeton,
Pholiderpeton,
Pteroplax,
Chalicotherium,
Eomoropus,
Grangeria,
Moropus,
Adjidaumo,
Aulolithomys,
Cristadjidaumo,
Litoyoderimys,
Metanoiamys,
Namatomys,
Nomatomys,
Paradjidaumo,
Yoderimys,
Eomysticetus,
Eoplatanista,
Chaetodipterus,
Ephippus,
Epoicotherium,
Pentapassalus,
Tubulodon,
Xenocranium,
Anchippus,
Anchitherium,
Archaeohippus,
Calippus,
Cormohipparion,
Dinohippus,
Eohippus,
Epihippus,
Equus,
Griphippus,
Hipparion,
Hippotherium,
Hypohippus,
Hyracotherium,
Lophiotherium,
Megahippus,
Merychippus,
Mesohippus,
Minippus,
Miohippus,
Nannippus,
Neohipparion,
Orohippus,
Orotherium,
Parahippus,
Plesippus,
Pliohippus,
Protohippus,
Protorohippus,
Pseudhipparion,
Xenicohippus,
Auroralestes,
Entomolestes,
Eochenus,
Eolestes,
Litolestes,
Metechinus,
Tupaiodon,
Eriptychius,
Pycnaspis,
Coendou,
Erethizon,
Ernanodon,
Eryops,
Onchiodon,
Pelosaurus,
Archaeschrichtius,
Eschrichtioides,
Eschrichtius,
Gricetoides,
Megapteropsis,
Esox,
Azygonyx,
Esthonyx,
Higotherium,
Megalesthonyx,
Plesiesthonyx,
Trogosus,
Eucosmodon,
Neoliotomus,
Stygimys,
Eunotosaurus,
Euparkeria,
Planetochelys,
Eurhinodelphis,
Argyrocetus,
Ceterhinops,
Iniopsis,
Macrodelphinus,
Mycteriacetus,
Rhabdosteus,
Schizodelphis,
Vanbreenia,
Xiphiacetus,
Ziphiodelphis,
Eutypomys,
Mattimys,
Hemilampronites,
Falco,
Milvago,
Pediohierax,
Polyborus,
Genus indet.,
Acondylacanthus,
Aethocephalichthyes,
Apateacanthus,
Aquilops,
Archaeodelphis,
Argillomys,
Arundelemys,
Asteroptychius,
Astrodon,
Atherstonia,
Atokatheridium,
Atropatenocetus,
Ausktribosphenos,
Australochelys,
Austrosqualodon,
Bipedopus,
Bishops,
Bobolestes,
Brachyhyops,
Broometta,
Bulaklestes,
Bythiacanthus,
Calopodus,
Cementerius,
Cholodus,
Corriebaater,
Coturnipes,
Creodus,
Creosaurus,
Cretorectolobus,
Cycloides,
Cygnavus,
Daulestes,
Delorhynchus,
Delphinavus,
Diaphyodus,
Diphyodus,
Diplocynodon,
Dromomeron,
Dystrophaeus,
Elaphrosaurus,
Eobalaenoptera,
Eoichthys,
Eosauravus,
Eosaurus,
Eothoracosaurus,
Euscolosuchus,
Florentinoameghinia,
Foro,
Forstercooperia,
Galepus,
Glymmatacanthus,
Graamocetus,
Griphomys,
Gryphomys,
Grypolithax,
Haplodontosaurus,
Harpacanthus,
Heterodelphis,
Huehuecuetzpalli,
Hulettia,
Hypselosaurus,
Ichthyerpeton,
Ichthyodorulites,
Imerocetus,
Ischyrotherium,
Kryoparvus,
Kunminia,
Lamprolithax,
Lipotyphlaus,
Lonchodelphis,
Lophodus,
Marracanthus,
Mauicetus,
Megaloolithus,
Meherrinia,
Microconodon,
Microvenator,
Miodelphis,
Mirocetus,
Mixocetus,
Mojavemys,
Montanalestes,
Nannolithax,
Nanopus,
Neanis,
Nesospingus,
Notiocetus,
Oedolithax,
Oestrocephalus,
Oklatheridium,
Oligodelphis,
Olivierosuchus,
Otradnocetus,
Pachyacanthus,
Pachycheilosuchus,
Palaeophocaena,
Palaeosauropus,
Palaeosaurus,
Palaeospondylus,
Parabalaenoptera,
Paranyctoides,
Paraprionosaurus,
Parringtonella,
Parrosaurus,
Perditicetus,
Peripolocetus,
Phelosaccomys,
Pinnarctidion,
Piscocetus,
Platylithax,
Plesiorycteropus,
Plesiothomomys,
Pleurocoelus,
Premegaptera,
Probelesodon,
Protobatrachus,
Protororqualus,
Pteronarctos,
Puppigerus,
Revueltosaurus,
Rugocaudia,
Sauroposeidon,
Sauropus,
Scincoideus,
Scotiophryne,
Semibipedopus,
Sinanodelphis,
Spathicephalus,
Sphodrosaurus,
Spindalis,
Talpavoides,
Talpavus,
Tanypterichthys,
Teinolophos,
Thyrsidium,
Tretosphys,
Uatchitodon,
Uchkukudokon,
Uzbekbaatar,
Vancleavea,
Vorishia,
Zephyrosaurus,
Zygophyseter,
Andrewsarchus,
Desmatolagus,
Mytonolagus,
Othnielosaurus,
Temnocorpichnus,
Acinonyx,
Barbourofelis,
Deinictis,
Dinictis,
Felis,
Hoplophoneus,
Ischyrosmilus,
Lynx,
Machaeroides,
Machairodus,
Megantereon,
Miracinonyx,
Nimravides,
Nimravus,
Panthera,
Pratifelis,
Prohyaena,
Pseudaelurus,
Smilodon,
Smilodontopsis,
Ferugliotherium,
Fregata,
Limnofregata,
Aidemedia,
Ammodramus,
Chloridops,
Ciridops,
Hemignathus,
Himatione,
Junco,
Loxops,
Melamprosops,
Oreomystis,
Orthiospiza,
Paroreomyza,
Passerina,
Pseudonestor,
Psittirostra,
Rhodacanthis,
Telespiza,
Vangulifer,
Xestospiza,
Cynosaurus,
Galesaurus,
Gallinuloides,
Gasterosteus,
Diatryma,
Thoracosaurus,
Gavia,
Aulacephalodon,
Aristelliger,
Phyllodactylus,
Sphaerodactylus,
Thecadactylus,
Thrysocles,
Asterosteus,
Gemuendina,
Batodonoides,
Centetodon,
Geolabis,
Cratogeomys,
Diplolophus,
Geomys,
Gidleumys,
Gregorymys,
Heterogeomys,
Nonomys,
Parapliosaccomys,
Pleurolicus,
Prodipodomys,
Thomomys,
Paragrus,
Progrus,
Cantioscyllium,
Giraffa,
Sivatherium,
Helladotherium,
Glis,
Muscardinus,
Glyptodon,
Propalaeohoplophorus,
Palaeophichthys,
Probathyopsis,
Gobiconodon,
Amebelodon,
Anancus,
Cuvieronius,
Dibelodon,
Gomphotherium,
Miomastodon,
Pliomastodon,
Rhynchotherium,
Rhyncotherium,
Serridentinus,
Stegomastodon,
Tetrabelodon,
Tetracaulodon,
Tetralophodon,
Trilophodon,
Gondwanatherium,
Vucetichia,
Eutretauranosuchus,
Goniopholis,
Pinacosuchus,
Pliogonodon,
Polydectes,
Charitosomus,
Notogoneus,
Cyclothone,
Eoarctops,
Lycaenops,
Scymnognathus,
Gracilisuchus,
Grippidia,
Cosmacanthus,
Baeopteryx,
Grus,
Cardiocephalus,
Isodectes,
Pantylus,
Pariotichus,
Sparodus,
Tuditanus,
Coupatezia,
Heterotorpedo,
Jacquhermania,
Gypsonictops,
Gyracanthus,
Oracanthus,
Periplectrodus,
Gyrodus,
Anatosaurus,
Anatotitan,
Brachylophosaurus,
Cionodon,
Claosaurus,
Corythosaurus,
Edmontosaurus,
Gryposaurus,
Hadrosaurus,
Hypacrosaurus,
Hypsibema,
Kritosaurus,
Lambeosaurus,
Lophorhothon,
Maiasaura,
Parasaurolophus,
Prosaurolophus,
Secernosaurus,
Thespesius,
Echidnocephalus,
Enchelurus,
Haplolepis,
Pyritocephalus,
Hegetotherium,
Colodon,
Desmatotherium,
Dilophodon,
Helaletes,
Heptodon,
Sinohelicoprion,
Heliscomys,
Kirkomys,
Helohyus,
Aceraspis,
Micraspis,
Paragaleus,
Chiloscyllium,
Elasmodontomys,
Copedelphys,
Golerdelphys,
Herpetotherium,
Coniornis,
Hesperornis,
Parahesperornis,
Heterodontus,
Palaeoxyris,
Synechodus,
Heterodontosaurus,
Cupidinimus,
Dipodomys,
Diprionomys,
Megaheliscomys,
Peridiomys,
Perognathoides,
Perognathus,
Proheteromys,
Hexanchus,
Notidanus,
Notorynchus,
Xiphodolamia,
Hippopotamodon,
Hippopotamus,
Pseudorhinolophus,
Berybolcensis,
Holocentrites,
Inocentrus,
Myripristis,
Aspidichthys,
Glyptaspis,
Holonema,
Apedodus,
Dendrodus,
Glyptolepis,
Holoptychius,
Griphopithecus,
Homo,
Chasmaporthetes,
Crocuta,
Acarictis,
Arfia,
Galecyon,
Gazinocyon,
Hemipsalodon,
Hyaenodon,
Limnocyon,
Neohyaenodon,
Paeneprolimnocyon,
Protoproviverra,
Prototomus,
Proviverroides,
Pterodon,
Pyrocyon,
Sinopa,
Stypolophus,
Thinocyon,
Tritemnodon,
Acrodus,
Arctacanthus,
Asteracanthus,
Carcharopsis,
Dicrenodus,
Dolophonodus,
Egertonodus,
Hamatus,
Hybocladodus,
Hybodus,
Mesodmodus,
Nemacanthus,
Paleobates,
Petrodus,
Pristacanthus,
Scoliorhiza,
Sphenacanthus,
Strophodus,
Wodnika,
Nesofregetta,
Oceanodroma,
Pelagodroma,
Hydrochoerus,
Miochoerus,
Neocheorus,
Neochoerus,
Hyla,
Osteopilus,
Pachyfavosites,
Pseudacris,
Seeleya,
Hyloplesion,
Orthocosta,
Dracoclaenus,
Haplaletes,
Hyopsodus,
Jepsenia,
Litaletes,
Litomylus,
Oxytomodon,
Hypertragulus,
Hypisodus,
Parvitragulus,
Promerragulus,
Drinker,
Dryosaurus,
Laosaurus,
Nanosaurus,
Othnielia,
Fouchia,
Hyrachyus,
Baluchitherium,
Epitrilopus,
Hyracodon,
Paraceratherium,
Eicoryctes,
Hystrix,
Sivacanthion,
Iberomesornis,
Icaronycteris,
Amblydactylus,
Brontopodus,
Caririchnium,
Emydhipus,
Gypsichnites,
Hypsiloichnus,
Megalosauropus,
Ornithomimipus,
Tetrapodosaurus,
Anaedophagon,
Cladocyclus,
Gillicus,
Hypsodon,
Ichthyodectes,
Prymnetes,
Xiphactinus,
Ichthyornis,
Plegadornis,
Ichthyosaurus,
Proteosaurus,
Ichthyostega,
Ameiurus,
Astephus,
Ictalurus,
Megaquiscalus,
Quiscalus,
Sturnella,
Ictidosuchops,
Propelargus,
Aciprion,
Anolbanolis,
Anolis,
Crotaphytus,
Cyclura,
Iguana,
Leiocephalus,
Paradipsosaurus,
Paranolis,
Parasauromalus,
Sceloporus,
Suzanniwana,
Swainiguanoides,
Tropidurus,
Iguanodon,
Dermodactylus,
Goniodelphis,
Inia,
Ischyrorhynchus,
Proinia,
Saurocetes,
Interatherium,
Protypotherium,
Ancistrodus,
Atopacanthus,
Ischnacanthus,
Machaeracanthus,
Onchus,
Persacanthus,
Acritoparamys,
Apatosciuravus,
Ischyromys,
Metaparamys,
Notoparamys,
Plesiarctomys,
Titanotheriomys,
Cardiolophus,
Homogalax,
Isectolophus,
Parisectolophus,
Systemodon,
Hemirhabdorhynchus,
Istiophorus,
Makaira,
Tetrapturus,
Janipes,
Janjucetus,
Dictyorhabdus,
Ischigualastia,
Kannemeyeria,
Belonodelphis,
Delphinodon,
Hadrodelphis,
Incacetus,
Kampholophos,
Kentriodon,
Leptodelphis,
Liolithax,
Lophocetus,
Macrokentriodon,
Microphocaena,
Pithanodelphis,
Rudicetus,
Sarmatodelphis,
Sophianacetus,
Tagicetus,
Atocetus,
Diceratosaurus,
Diplocaulus,
Eoserpeton,
Keraterpeton,
Dicynodontoides,
Kingoria,
Kinosternon,
Klamelia,
Aprixokogia,
Kogia,
Praekogia,
Scaphokogia,
Icarosaurus,
Bodianus,
Halichoerus,
Labrodon,
Phyllodus,
Cacharodon,
Carcharodon,
Corax,
Cretodus,
Cretolamna,
Cretoxyrhina,
Isurus,
Lamna,
Orthacodus,
Oxyrhina,
Parotodus,
Procarcharodon,
Pseudocorax,
Squalicorax,
Lampris,
Anous,
Feducciavis,
Gygis,
Larus,
Sterna,
Boreolates,
Eolates,
Latimeria,
Laugia,
Lebias,
Megaladapis,
Veracia,
Leontinia,
Scarrittia,
Gnathorhiza,
Lepidosiren,
Atractosteus,
Clastes,
Lepidosteus,
Lepisosteus,
Alilepus,
Aluralagus,
Archaeolagus,
Brachylagus,
Hypolagus,
Lepus,
Megalagus,
Notolagus,
Palaeolagus,
Panolax,
Russellagus,
Sylvilagus,
Lepterpeton,
Diacodon,
Emperodon,
Frictops,
Hypictops,
Ictops,
Leptictis,
Myrmecoboides,
Palaeictops,
Prodiacodon,
Stenoleptictis,
Cerasinops,
Leptoceratops,
Leptochoerus,
Nanochoerus,
Stibarus,
Eleutherodactylus,
Leptodactylus,
Anaethalion,
Luisichthys,
Tharrias,
Todiltia,
Leptolepis,
Leptomeryx,
Prolimnocyon,
Limnosceloides,
Procaptorhinus,
Protocaptorhinus,
Lipotes,
Parapontoporia,
Lithornis,
Paracathartes,
Pseudocrypturus,
Llanocetus,
Lonchidion,
Parvodus,
Eoletes,
Lophius,
Lophiodon,
Indraloris,
Lutjanus,
Tetracynodon,
Lycoptera,
Lydekkerina,
Cocytinus,
Lysorophus,
Molgophis,
Lystrosaurus,
Macrauchenia,
Judithemys,
Macropetalichthys,
Centriscus,
Macrosemius,
Notagogus,
Ophiopsis,
Propterus,
Teoichthys,
Macrurus,
Macropus,
Lophalotilus,
Lopholatilus,
Mammalodon,
Mammut,
Zygolophodon,
Eomanis,
Patriomanis,
Mauchchunkia,
Megachasma,
Acratocnus,
Megalonyx,
Nothropus,
Parocnus,
Labrosaurus,
Torvosaurus,
Eremotherium,
Hapalops,
Megatherium,
Nothrotherium,
Prepotherium,
Schismotherium,
Agriocharis,
Chaetoptila,
Moho,
Mene,
Gidleyina,
Meniscotherium,
Oligotomus,
Opisthotomus,
Orthaspidotherium,
Pleuraspidotherium,
Mephitis,
Bathygenys,
Brachycrus,
Cotylops,
Cyclopidius,
Desmatochoerus,
Eporeodon,
Eucrotaphus,
Genetochoerus,
Hadroleptauchenia,
Leptauchenia,
Limnenetes,
Mediochoerus,
Merychochoerus,
Merychyus,
Merycochoerus,
Merycoidodon,
Mesoredon,
Miniochoerus,
Oreodon,
Oreonetes,
Paramerycoidodon,
Promerycochoerus,
Ustatochoerus,
Usteaochoerus,
Mesacanthus,
Dissacus,
Hapalodectes,
Harpagolestes,
Harpogolestes,
Mesonyx,
Pachaena,
Pachyaena,
Synoplotherium,
Mesosaurus,
Stereosternum,
Messelornis,
Micropycnodon,
Mesungulatum,
Metacheiromys,
Palaeanodon,
Anaschisma,
Buettneria,
Koskinonodon,
Metoposaurus,
Dakosaurus,
Metriorhynchus,
Zoneait,
Miacis,
Oodectes,
Palaearctonyx,
Uintacyon,
Vassacyon,
Vulpavus,
Microbrachis,
Gastrophryne,
Branchierpeton,
Limnerpeton,
Micromomys,
Kentrogomphios,
Micropternodus,
Arctodontomys,
Cynodontomys,
Megadelphus,
Microsyops,
Nanomomys,
Nanomilleretta,
Cinclocerthia,
Margarops,
Mimus,
Bomburia,
Choeroclaenus,
Ellipsodon,
Mioclaenus,
Phenacodaptes,
Platymastus,
Promioclaenus,
Protoselene,
Mitsukurina,
Dracontolestes,
Eudaemonema,
Mixodectes,
Mixosaurus,
Archaeomanta,
Burnhamia,
Manta,
Mobula,
Saurida,
Synodontis,
Jozaria,
Brachydectes,
Megamolgophis,
Ranzania,
Brazosiella,
Monocentris,
Bohaskaia,
Delphinapterus,
Denebola,
Monodon,
Pronotacanthus,
Bregmaceros,
Eclipes,
Gadus,
Melanogrammus,
Merluccius,
Paractichthys,
Clidastes,
Elliptonodon,
Globidens,
Halisaurus,
Lestosaurus,
Liodon,
Mosasaurus,
Physa,
Platecarpus,
Plioplatecarpus,
Polygonodon,
Prognathodon,
Tylosaurus,
Blastomeryx,
Apodemus,
Floresomys,
Mus,
Pireddamys,
Rattus,
Sardomys,
Stephanomys,
Phaeornis,
Myadestes,
Brachyprotoma,
Brachypsalis,
Canimartes,
Craterogale,
Drassonax,
Enhydra,
Enhydriodon,
Ferinestrix,
Gulo,
Hysoparia,
Lontra,
Lutra,
Lutravus,
Martes,
Mustela,
Oligobunis,
Palaeogale,
Paroligobunis,
Pekani,
Pekania,
Plesiogulo,
Potamotherium,
Pteronura,
Satherium,
Sminthosinis,
Spilogale,
Taxidea,
Tayra,
Trigonictis,
Ichthyotringa,
Lampanyctus,
Leptosomus,
Myctophum,
Myctophus,
Nematonotus,
Opisthopteryx,
Sardinius,
Brachygaulus,
Ceratagaulus,
Ceratogaulus,
Epigaulus,
Mesogaulus,
Mylagaulus,
Promylagaulus,
Aetobatis,
Aetomylaeus,
Brachyrhizodus,
Myliobatis,
Plincthicus,
Plinthicus,
Pseudohypolophus,
Pteromylaeus,
Glossotherium,
Lestodon,
Mylodon,
Paramylodon,
Scelidotherium,
Thinobadistes,
Myriacanthus,
Ictidosuchoides,
Natalus,
Parasaniwa,
Caperea,
Ectypodus,
Cimexomys,
Mesodma,
Mimetodon,
Neoplagiaulax,
Parectypodus,
Nesophontes,
Drepanodon,
Eusmilus,
Basicranodon,
Edmontonia,
Gastonia,
Hierosaurus,
Hoplitosaurus,
Hylaeosaurus,
Mymoorapelta,
Palaeoscincus,
Panoplosaurus,
Polacanthus,
Priconodon,
Propanoplosaurus,
Rhodanosaurus,
Sauropelta,
Texasetes,
Cantius,
Copelemur,
Hesperolemur,
Mahgarita,
Notharctus,
Pelycodus,
Smilodectes,
Lariosaurus,
Castrocopros,
Nothrotheriops,
Rhynchippus,
Prefica,
Leptacodon,
Nyctitherium,
Plagioctenodon,
Plagioctenoides,
Pontifactor,
Wyonycteris,
Ochotona,
Oreolagus,
Plagiodontia,
Sciamys,
Aivukus,
Alachtherium,
Dusignathus,
Imagotaria,
Neotherium,
Odobenus,
Ontocetus,
Pliopedia,
Pontoleon,
Pontolis,
Proneotherium,
Prorosmarus,
Prosmarus,
Prototaria,
Pseudotaria,
Trichechodon,
Valenictus,
Odobenocetops,
Anomotodon,
Cacarcharias,
Carcharias,
Eugomphodus,
Neuropteris,
Odontaspis,
Palaeohypotodus,
Paranomotodon,
Scapanorhynchus,
Serratolamna,
Striatolamia,
Odonterpeton,
Colinus,
Oestocephalus,
Absarokius,
Anaptomorphus,
Anemorhysis,
Arapahovius,
Asiomomys,
Aycrossia,
Chlororhysis,
Gazinius,
Hemiacodon,
Loveina,
Necrolemur,
Omomys,
Paratetonius,
Pseudotetonius,
Rooneyia,
Steinius,
Strigorhysis,
Tatmanius,
Teilhardina,
Tetonius,
Tetonoides,
Uintanius,
Washakius,
Omphalosaurus,
Variabiloconus,
Onychodus,
Clepsydrops,
Echinerpeton,
Ophiacodon,
Stereophallodon,
Ophiderpeton,
Bauzaia,
Neobythites,
Ophidiidarum,
Preophidion,
Signata,
Ophthalmosaurus,
Ginglymostoma,
Microdontaspis,
Nebrius,
Squatirhina,
Ornithomimus,
Struthiomimus,
Steropodon,
Eotylopus,
Malaquiferus,
Oromeryx,
Protylopus,
Leptolepides,
Mallotus,
Brychaetus,
Brychetus,
Dapedoglossus,
Genartina,
Phareodon,
Phareodus,
Chandlerichthyes,
Ectostereorhachis,
Gogonasus,
Megalichthys,
Osteolepis,
Thursius,
Ostracion,
Callorhinus,
Eumetopias,
Pithanotaria,
Proterozetes,
Thalassoleon,
Erpetosuchus,
Carcharocles,
Cretalamna,
Megalolamna,
Otodus,
Oviraptor,
Owenetta,
Ambloctonus,
Dipalidictis,
Dipsalidictis,
Oxyaena,
Palaeonictis,
Patriofelis,
Homalocephale,
Pachycephalosaurus,
Prenocephale,
Sphaerotholus,
Stegoceras,
Eugnathides,
Hypsocormus,
Pachycormus,
Paraliodesmus,
Parliodesmus,
Protosphyraena,
Sauropsis,
Saurostomus,
Neusticosaurus,
Pachypleurosaurus,
Kansanus,
Pachyrhizodus,
Thrissopater,
Himalayacetus,
Ichthyolestes,
Pakicetus,
Nalacetus,
Palaeomastodon,
Barbouromeryx,
Dromomeryx,
Pediomeryx,
Rakomeryx,
Apateolepis,
Gyrolepis,
Palaeoniscum,
Palaeoniscus,
Paleoniscum,
Paleoniscus,
Pteronisculus,
Behemotops,
Cornwallius,
Paleoparadoxia,
Palaeophis,
Pterosphenus,
Acmeodon,
Palaeoryctes,
Stilpnodon,
Palaeotis,
Neoparadoxia,
Palaelodus,
Isthminia,
Australca,
Mancalla,
Uria,
Lophochelys,
Pandion,
Caenolambda,
Pantolambda,
Bessoecetor,
Palaeosinopa,
Pantolestes,
Simpsonodus,
Megascyliorhinus,
Paramacellodus,
Franimys,
Ischyrotomus,
Leptotomus,
Lophioparamys,
Microparamys,
Mytonomys,
Paramyid,
Paramys,
Pseudotomus,
Quadratomus,
Reithroparamys,
Thisbemys,
Parapternodus,
Ospia,
Parasemionotus,
Watsonulus,
Bradysaurus,
Nanoparia,
Pareiasaurus,
Chalicomomys,
Ignacius,
Niptomomys,
Palaechthon,
Palenochtha,
Paromomys,
Phenacolemur,
Talpohenach,
Tinimomys,
Torrejonia,
Dendroica,
Seiurus,
Patagopteryx,
Patriocetus,
Archaeotrigon,
Paurodon,
Pediomys,
Protolambda,
Cyphornis,
Odontopteryx,
Palaeochenoides,
Pelagornis,
Pseudodontornis,
Tympanonesiotes,
Pelecanus,
Scaphiopus,
Miopelodytes,
Bothremys,
Pelusios,
Taphrosphys,
Aphronorus,
Bisonalveus,
Coriphagus,
Pentacodon,
Mimoperadectes,
Peradectes,
Thylacomys,
Polyprion,
Mioplosus,
Perca,
Plioplarchus,
Anisonchus,
Carsioptychus,
Conacodon,
Ectoconus,
Golerconus,
Haploconus,
Hemithlaeus,
Oxyacodon,
Periptychus,
Mendocinia,
Mendocinichthys,
Perleidus,
Plesioperleidus,
Pristisomus,
Antliodus,
Chomatodus,
Ctenopetalus,
Ctenoptychius,
Dactylodus,
Fissodus,
Harpacodus,
Janassa,
Lisgodus,
Megactenopetalus,
Peltodus,
Peripristis,
Petalodus,
Petalorhynchus,
Polyrhizodus,
Pristodus,
Tanaeodus,
Tanaodus,
Venustodus,
Heliadornis,
Phaethon,
Phalacrocorax,
Scaumenacia,
Phascolonus,
Bonasa,
Canachites,
Gallus,
Meleagris,
Miophasianus,
Palaeortyx,
Proagriocharis,
Rhegminornis,
Copecion,
Ectocion,
Euprotogonia,
Phenacodus,
Tetraclaenodon,
Conolophus,
Minchenella,
Dolichosoma,
Phlegethontia,
Acanthaspis,
Aethaspis,
Arctolepis,
Kujdanowiaspis,
Phlyctaenaspis,
Acrophoca,
Auroraphoca,
Australophoca,
Callophoca,
Erignathus,
Gryphoca,
Homiphoca,
Leptophoca,
Mirounga,
Monachus,
Monotherium,
Neomonachus,
Pagophilus,
Paleophoca,
Phoca,
Phocanella,
Piscophoca,
Platyphoca,
Pliophoca,
Pontophoca,
Prionodelphis,
Prophoca,
Pusa,
Semantor,
Virginiaphoca,
Australithax,
Haborophocoena,
Lomacetus,
Loxolithax,
Neophocaena,
Numataphocoena,
Phocaena,
Phocoena,
Phocoenoides,
Piscolithax,
Salumiphocaena,
Juncitarsus,
Phoenicopterus,
Pholidophorus,
Australosomus,
Macroaethes,
Crocodilaemus,
Teleorhinus,
Terminonaris,
Egertonia,
Phyllolepis,
Brachyphylla,
Desmodus,
Erophylla,
Macrotus,
Albicetus,
Aulophyseter,
Balaenodon,
Brygmophyseter,
Cetodiodon,
Diaphorocetus,
Ferecetotherium,
Graphiodon,
Hoplocetus,
Hypocetus,
Idiophyseter,
Idiorophus,
Kogiopsis,
Orycterocetus,
Paracetus,
Physeter,
Physeterula,
Placoziphius,
Preaulophyseter,
Scaldicetus,
Angistorhinus,
Belodon,
Bradysuchus,
Clepsysaurus,
Heterodontosuchus,
Leptosuchus,
Machaeroprosopus,
Mystriosuchus,
Phytosaurus,
Pseudopalatus,
Rutiodon,
Smilosuchus,
Colaptes,
Melanerpes,
Picrodus,
Zanycteris,
Alveojunctus,
Picromomys,
Pimelodus,
Pipestoneomys,
Pistosaurus,
Macroplacus,
Placodus,
Cyamodus,
Placochelys,
Janumys,
Plagiomene,
Tillodon,
Worlandia,
Plagiosternum,
Apteribis,
Eudocimus,
Araeodelphis,
Dilophodelphis,
Platanista,
Pomatodelphis,
Prepomatodelphis,
Zarhachis,
Plegadis,
Plateosaurus,
Cheirodus,
Platysomus,
Schaefferichthys,
Plectocretacicus,
Chiromyoides,
Nannodectes,
Nothodectes,
Plesiadapis,
Pronothodectes,
Cryptoclidus,
Muraenosaurus,
Plesiosaurus,
Thalassiodracon,
Plesiosorex,
Anogmius,
Bananogmius,
Thryptodus,
Desmognathus,
Gyrinophilus,
Pseudotriton,
Platessa,
Pleuronectes,
Pleuropholis,
Pleurosaurus,
Glyptops,
Pliopithecus,
Propliopithecus,
Brachauchenius,
Picroclidus,
Pliosaurus,
Plotopterum,
Tonsala,
Aechmophorus,
Colymbus,
Podiceps,
Podilymbus,
Bairdemys,
Podocnemis,
Shweboemys,
Cimoliasaurus,
Dolichorhynchops,
Piratosaurus,
Polycotylus,
Trinacromerum,
Paraglyphanodon,
Polyglyphanodon,
Omosoma,
Pycnosterinx,
Crossopholis,
Priscacara,
Anisotremus,
Haemulon,
Orthopristis,
Pomatomus,
Sullivanichthys,
Bramapithecus,
Dryopithecus,
Ramapithecus,
Sugrivapithecus,
Auroracetus,
Brachydelphis,
Pliopontos,
Pontistes,
Pontoporia,
Protophocaena,
Poposaurus,
Potamotrygon,
Presbyornis,
Eobucco,
Primobucco,
Stiptognathus,
Cynariognathus,
Pristerognathus,
Pristichampsus,
Anoxypristis,
Borodinopristis,
Onchopristis,
Onchosaurus,
Pristis,
Propristis,
Schizorhiza,
Sclerorhynchus,
Pristiophorus,
Bulweria,
Calonectris,
Fulmarus,
Pterodroma,
Puffinus,
Gomphosauridion,
Hypsognathus,
Procolophon,
Xenodiphyodon,
Leavachia,
Procynosuchus,
Bassariscus,
Procyon,
Prolagus,
Propaleotherium,
Prophaethon,
Pezosiren,
Arctoryctes,
Oligoscalops,
Prosqualodon,
Gualosuchus,
Proterochampsa,
Proterochersis,
Proterogyrinus,
Chasmatosaurus,
Diadiaphorus,
Proterotherium,
Kyptoceras,
Leptoreodon,
Leptotragulus,
Paratoceras,
Prosynthetoceras,
Protoceras,
Pseudoprotoceras,
Synthetoceras,
Bagaceratops,
Protoceratops,
Artiocetus,
Babiacetus,
Carolinacetus,
Eocetus,
Gaviacetus,
Georgiacetus,
Indocetus,
Maiacetus,
Makaracetus,
Natchitochia,
Pappocetus,
Protocetus,
Qaisracetus,
Rodhocetus,
Takracetus,
Protorosaurus,
Protorothyris,
Cephalerpeton,
Hylonomus,
Paleothyris,
Protosiren,
Archelon,
Protostega,
Protostrix,
Protosuchus,
Mazodus,
Psammodus,
Mingotherium,
Pseudocarcharias,
Pseudocheirus,
Amazona,
Ara,
Aratinga,
Cyanoramphus,
Nestor,
Psittacosaurus,
Vini,
Pteranodon,
Protaspis,
Pteraspis,
Pterodactylus,
Ptilodus,
Ptychodus,
Ptycholepis,
Eczematolepis,
Gamphacanthus,
Palaeomylus,
Phlyctaenacanthus,
Ptyctodus,
Rhynchodus,
Rinodus,
Acrotemnus,
Anomoeodus,
Coelodus,
Macromesodon,
Mesodon,
Microdon,
Palaeobalistum,
Proscinetes,
Pycnodus,
Pycnomicrodon,
Pygopterus,
Griphodon,
Proticia,
Pyrotherium,
Cyclobatis,
Raja,
Aramides,
Atlantisia,
Coturnicops,
Eocrex,
Epirallus,
Fulica,
Gallinula,
Gallirallus,
Haematopus,
Nesolimnas,
Nesotrochis,
Palaeocrex,
Palaeorallus,
Porphyrula,
Porzana,
Rallus,
Rana,
Indohyas,
Khirtharia,
Kunmunella,
Metakatius,
Pezophaps,
Dzharatitanis,
Himantopus,
Catopterus,
Cionichthys,
Dictyopyge,
Lasalichthys,
Redfieldia,
Redfieldius,
Synorichthys,
Regitherium,
Andrewsiphius,
Attockicetus,
Dalanistes,
Kutchicetus,
Remingtonocetus,
Rhadinichthys,
Angustinaripterus,
Campylognathoides,
Rhamphocephalus,
Rhamphorhynchus,
Scaphognathus,
Palaeorhincodon,
Rhincodon,
Rhiniodon,
Gilmoreia,
Ototriton,
Pseudorhineura,
Rhineura,
Spathorhynchus,
Rhinobatos,
Rhynchobatus,
Aceratherium,
Aphelops,
Caenopus,
Diceratherium,
Dicerorhinus,
Eusyodon,
Floridaceras,
Menoceras,
Peraceras,
Rhinoceros,
Subhyracodon,
Teleoceras,
Trigonias,
Schizotheroides,
Scytalopus,
Rhinolophus,
Parahypolophus,
Rhinoptera,
Eusthenopteron,
Rhizodopsis,
Rhizodus,
Sauripteris,
Strepsodus,
Tristichopterus,
Anepsirhizomys,
Brachyrhizomys,
Protachyoryctes,
Rhizomyoides,
Rhizomys,
Rhomaleosaurus,
Rhynchosaurus,
Scaphonyx,
Rubidgea,
Sagenodus,
Notophthalmus,
Cyclolepis,
Leucichthyops,
Natlandia,
Rhabdofario,
Smilodonichthys,
Alamosaurus,
Anneavis,
Apa,
Chascacocolius,
Sandcoleus,
Acroplous,
Erpetosaurus,
Saurerpeton,
Belonorhynchus,
Saurichthys,
Saurocephalus,
Saurodon,
Scapherpeton,
Euthynnus,
Scarus,
Sparisoma,
Scatophagus,
Corvina,
Cynoscion,
Ekokenia,
Jefitchia,
Leiostomus,
Lompoquia,
Menticirrhus,
Micropogon,
Otolithes,
Pinctus,
Pogonias,
Roccus,
Sciaena,
Sciaenidarum,
Sciaenodus,
Sciaenops,
Umbrina,
Eumeces,
Mabuya,
Sauriscus,
Elymys,
Knightomys,
Pauromys,
Sciuravus,
Taxymys,
Tillomys,
Citellus,
Cryptopterus,
Cynomys,
Douglassciurus,
Eutamias,
Glaucomys,
Hesperopetes,
Ictidomys,
Marmota,
Paenemarmota,
Palaearctomys,
Protosciurus,
Sciuropterus,
Sciurus,
Spermophilus,
Tamias,
Tamiasciurus,
Glyptotherium,
Ischyrhiza,
Pucapristis,
Arenaria,
Calidris,
Capella,
Coenocorypha,
Heteroscelus,
Limicola,
Limnodromus,
Limosa,
Micropalama,
Numenius,
Pisobia,
Scolopax,
Tringa,
Acanthocybium,
Acanthocymbium,
Auxis,
Cybium,
Godsilia,
Katsumonus,
Neocybium,
Sarda,
Scomberomorus,
Scombrinus,
Thunnus,
Turio,
Cyniscops,
Cyonosaurus,
Glanosuchus,
Mesiteia,
Palaeogaleus,
Premontria,
Scyliorhinus,
Scyllium,
Acentrophorus,
Aetheolepis,
Aethiolepsis,
Dapedium,
Hemicalypterus,
Lepidotes,
Lepidotus,
Sargodon,
Semionotus,
Tetragonolepis,
Allomorone,
Anthias,
Centropristis,
Cyclopoma,
Dapalis,
Dicentrarchus,
Epinephelus,
Mycteroperca,
Myctoperca,
Prolates,
Promicrops,
Promigrops,
Properca,
Serranus,
Smerdis,
Seymouria,
Cymbospondylus,
Shonisaurus,
Asilisaurus,
Sillago,
Simocetus,
Habrosaurus,
Eosolea,
Solea,
Naomichelys,
Solenodon,
Somniosus,
Adeloblarina,
Alluvisorex,
Blairina,
Blarina,
Cryptotis,
Domnina,
Hesperosorex,
Microsorex,
Paracryptotis,
Pseudotrimylus,
Sorex,
Trimylus,
Archosargus,
Chrysophrys,
Dentex,
Fisherichthys,
Lagodon,
Pagellus,
Pagrus,
Rhytmias,
Sciaenurus,
Sparidarum,
Sparnodus,
Stenotomus,
Ancyrodella,
Ctenorhachis,
Ctenospondylus,
Cutleria,
Dimetrodon,
Sphenacodon,
Anthropornis,
Archaeospheniscus,
Delphinornis,
Ichthyopteryx,
Pachydyptes,
Palaeeudyptes,
Spheniscus,
Eilenodon,
Homoeosaurus,
Opisthias,
Theretairus,
Sphyraena,
Prionocyclus,
Sphyrna,
Isistius,
Spinax,
Squalus,
Medocinia,
Notocetus,
Phocageneus,
Squalodelphis,
Cetophis,
Eosqualodon,
Microcetus,
Microsqualodon,
Parasqualodon,
Phoberodon,
Protosqualodon,
Squalodon,
Tangarasaurus,
Yaquinacetus,
Squatina,
Boreodon,
Didelphodon,
Didelphops,
Ectoconodon,
Stagodon,
Aetosaurus,
Desmatosuchus,
Gorgetosuchus,
Longosuchus,
Typothorax,
Placerias,
Alcovasaurus,
Alcovosaurus,
Natronasaurus,
Stegosaurus,
Kentuckia,
Stenopterygius,
Catharacta,
Stercorarius,
Akmonistion,
Stethacanthus,
Stokesosaurus,
Aegolius,
Asio,
Athene,
Bubo,
Grallastrix,
Grallistrix,
Ornimegalonyx,
Otus,
Strix,
Struthio,
Acridotheres,
Dumetella,
Calamodon,
Conoryctella,
Conoryctes,
Ectoganus,
Huerfanodon,
Onychodectes,
Psittacotherium,
Stylinodon,
Wortmania,
Phacochoerus,
Propotamochoerus,
Sus,
Moris,
Morus,
Sula,
Syngnathus,
Catopsalis,
Polymastodon,
Taeniolabis,
Condylura,
Cryptoryctes,
Domninoides,
Mystipterus,
Scalopinae,
Scalopoides,
Scapanoscapter,
Talpinae,
Moschops,
Struthiocephalus,
Nexuotapirus,
Tapiravus,
Tapirus,
Cynorca,
Desmathyus,
Dicotyles,
Doliochoerus,
Dyseohyus,
Hesperhyus,
Hesperyns,
Mylohyus,
Perchoerus,
Platygonus,
Prosthennops,
Simojovelhyus,
Suilline,
Sylvochoerus,
Tayassuid,
Thinohyus,
Waldochoerus,
Alethesaurus,
Ameiva,
Chamops,
Iguanavus,
Iquanavus,
Lanceosaurus,
Leptochamops,
Ptilotodon,
Pelagosaurus,
Steneosaurus,
Teleidosaurus,
Teleosaurus,
Tenontosaurus,
Apternodus,
Bystra,
Cylindraspis,
Emydoidea,
Floridemys,
Geochelone,
Gopherus,
Hadrianus,
Hesperotestudo,
Meiolania,
Miolania,
Stylemys,
Testudo,
Spheroides,
Sphoeroides,
Centrocercus,
Palaealectoris,
Thalattosaurus,
Coelolepida,
Coelolepis,
Lanarkia,
Thelodus,
Pseudosciurus,
Orodromeus,
Parksosaurus,
Thescelosaurus,
Coereba,
Geospiza,
Loxigilla,
Guara,
Notictosaurus,
Thrinaxodon,
Martinichthys,
Thylacoleo,
Thylacosmilus,
Titanichthys,
Sparactolambda,
Titanoides,
Rukwatitan,
Titanosaurus,
Palaeotodus,
Kentisuchus,
Ctenochelys,
Dollochelys,
Euclastes,
Osteopygis,
Porthochelys,
Toxochelys,
Nesodon,
Tanytrachelos,
Acrogaster,
Hoplopteryx,
Hoplostethus,
Trachichthodes,
Trachinus,
Boreogomphodon,
Massetognathus,
Trirachodon,
Tremataspis,
Acheloma,
Phonerpeton,
Aphaneramma,
Hypogaleus,
Pachygaleus,
Triakis,
Trichechus,
Trichiurides,
Trichiurus,
Arundelconodon,
Astroconodon,
Austrotriconodon,
Corviconodon,
Jugulator,
Menacodon,
Priacodon,
Trioracodon,
Prionotus,
Trigla,
Stephanodus,
Trilophosaurus,
Neldasaurus,
Trimerorhachis,
Triodon,
Amyda,
Apalone,
Aspideretes,
Aspideretoides,
Axestemys,
Derisemys,
Eugenichelys,
Gilmoremys,
Helopanoplia,
Hutchemys,
Plastomenus,
Platypeltis,
Trionyx,
Bienotherium,
Kayentatherium,
Nearctylodon,
Chlorostilbon,
Stenonychosaurus,
Troodon,
Turdus,
Typhlops,
Myiarchus,
Pyrocephalus,
Tyrannus,
Albertosaurus,
Bistahieversor,
Deinodon,
Gorgosaurus,
Nanotyrannus,
Tyrannosaurus,
Tyto,
Bathyopsis,
Dinoceras,
Tinoceras,
Uintatherium,
Upupa,
Astrocopus,
Astroscopus,
Dactylagnus,
Urenchelys,
Crossotelos,
Ctenerpeton,
Ptyonius,
Sauropleura,
Urocordylus,
Agriotherium,
Arctodus,
Arctotherium,
Campylocynodon,
Cephalogale,
Enhydrocyon,
Euarctos,
Indarctos,
Parictis,
Plionarctos,
Tremarctos,
Ursus,
Utatsusaurus,
Eosaniwa,
Megasaurus,
Palaeosaniwa,
Saniwa,
Thinosaurus,
Mycterosaurus,
Varanosaurus,
Wettonius,
Antrozous,
Corynorhinus,
Eptesicus,
Lasiurus,
Myotis,
Pipistrellus,
Plecotus,
Tadarida,
Agkistrodon,
Crotalus,
Pituophis,
Vireo,
Didymictis,
Ictidopappus,
Viverravus,
Sulakocetus,
Waipatia,
Theriognathus,
Whaitsia,
Wyolestes,
Palaeoxantusia,
Diplodus,
Dittodus,
Orthacanthus,
Pleuracanthus,
Stemmatodus,
Thrinacodus,
Triodus,
Xenacanthus,
Xenerodiops,
Eomyrus,
Albertocetus,
Echovenator,
Xenorophus,
Exostinus,
Harpagosaurus,
Prionosaurus,
Provaranosaurus,
Blochius,
Coelorhynchus,
Cylindracanthus,
Xiphias,
Xiphiorhynchus,
Kulbeckia,
Macrognathomys,
Megasminthus,
Plesiosminthus,
Schaubeumys,
Zatrachys,
Aspanlestes,
Eoungulatum,
Parazhelestes,
Sheikhdzheilia,
Zhelestes,
Zignodelphis,
Africanacetus,
Anoplonassa,
Aporotus,
Archaeoziphius,
Belemnoziphius,
Beneziphius,
Berardius,
Caviziphius,
Cetorhynchus,
Choneziphius,
Eboroziphius,
Eoboroziphius,
Hyperodon,
Hyperoodon,
Ihlengesi,
Indopacetus,
Izikoziphius,
Khoikhoicetus,
Mesoplodon,
Messapicetus,
Microberardius,
Nenga,
Ninoziphius,
Pelycorhamphus,
Proroziphius,
Pterocetus,
Squaloziphius,
Tasmacetus,
Tusciziphius,
Xhosacetus,
Ziphirostrum,
Ziphius,
Zosterops,
Eozygodactylus,
Acanthodus,
Acodina,
Acodus,
Acontiodus,
Adetognathus,
Alabamornis,
Albiconus,
Allothrissops,
Amorphognathus,
Ancoradella,
Ancyrodelloides,
Ancyrognathus,
Angulodus,
Anomoepus,
Ansella,
Apatognathus,
Aphelognathus,
Appalachiosaurus,
Apsidognathus,
Aspelundia,
Austriadactylus,
Bactrognathus,
Belodella,
Belodina,
Belodus,
Bergstroemognathus,
Bispathodus,
Branmehla,
Bransonella,
Bryantodus,
Cahabagnathus,
Cambrooistodus,
Carniodus,
Cavusgnathus,
Centrognathodus,
Chirodella,
Chirognathus,
Chosonodina,
Clavohamulus,
Clavomamulus,
Clydagnathus,
Coelocerodontus,
Coleodus,
Columbusia,
Cordylodus,
Cornuodus,
Corydylodus,
Cratognathodus,
Cristodus,
Cristomylus,
Ctenognathus,
Ctenopolygnathus,
Culumbodina,
Cypridodella,
Cyrtoniodus,
Dapsilodus,
Dawsonia,
Declinognathodus,
Delotaxis,
Dentarcus,
Depanodus,
Diaphorodus,
Dichodella,
Dichognathus,
Didymodella,
Dinodus,
Diplododella,
Distacodus,
Distomodus,
Doliognathus,
Dollymae,
Drepanodus,
Drepanoistodus,
Elictognathus,
Enantiognathus,
Eoconodontus,
Eognathodus,
Eoligonodina,
Eoneoprioniodus,
Eoplacognathus,
Eoraptor,
Epigondolella,
Erguitaia,
Erismodus,
Erraticodon,
Eucharodus,
Euprioniodina,
Exochognathus,
Falcodus,
Falodus,
Fruitafossor,
Fryxellodontus,
Furnishina,
Geniculatus,
Gladigondolella,
Glyptoconus,
Gnathodus,
Gondolella,
Gothodus,
Haddingodus,
Hamulosodina,
Haramiyavia,
Hertzina,
Hibardella,
Hibbardella,
Hindeodella,
Hindeodina,
Hindeodus,
Hirsutodontus,
Histiodella,
Holmesella,
Homeognathodus,
Iapetognathus,
Icriodella,
Icriodus,
Icthyodus,
Idiognathodus,
Idiognathoides,
Idioprioniodus,
Johnognathus,
Juanognathus,
Jumudontus,
Kladognathus,
Klapperina,
Kockelella,
Leptochirognathus,
Levnesovia,
Lewistownella,
Ligonodina,
Lissodus,
Lochriea,
Lonchodina,
Lonchodus,
Loxodus,
Magnapodus,
Maiabalaena,
Mesotaxis,
Mestognathus,
Metalonchodina,
Metapolygnathus,
Metaprioniodus,
Metaspriggina,
Monocostodus,
Muellerodus,
Multidentodus,
Multioistodus,
Neognathodus,
Neogondolella,
Neoprioniodus,
Neospathodus,
Neospathognathodus,
Nodognathus,
Noixodontus,
Nothognathella,
Oelandodus,
Oepikodus,
Oistodus,
Oncodella,
Oneotodus,
Opisthiamimus,
Oulodus,
Ozarkodina,
Ozarodina,
Palaeobotryllus,
Palmatodella,
Palmatolepis,
Palmetolepis,
Paltodus,
Panderodella,
Panderodus,
Pandorinellina,
Parabrontopodus,
Parachirognathus,
Paracordylodus,
Paragondolella,
Parapanderodus,
Paraprioniodus,
Paroistodus,
Patrognathus,
Pedavis,
Pelekysgnathus,
Periodon,
Phacodus,
Phakelodus,
Phragmodus,
Pikaia,
Pinacognathus,
Plectodina,
Plectospathodus,
Plegagnathus,
Plicifusus,
Polonodus,
Polycaulodus,
Polygnathellus,
Polygnathodella,
Polygnathoides,
Polygnathus,
Polylophodonta,
Polyplacognathus,
Prattognathus,
Pravognathus,
Prioniodella,
Prioniodina,
Prioniodus,
Proacodus,
Proconodontus,
Prooneotodus,
Protognathodus,
Protopanderodus,
Protoplatyrhina,
Pseudobelodina,
Pseudofurnishius,
Pseudoneotodus,
Pseudooneotodus,
Pseudopanderodus,
Pseudopolygnathus,
Pterospathodus,
Ptiloconus,
Ptiloncodus,
Pygodus,
Rachistognathus,
Reutterodus,
Rhachistognathus,
Rhipidognathus,
Rossodus,
Roundya,
Sachalinocetus,
Sagittodontus,
Scaliognathus,
Scandodus,
Scaphignathus,
Schmidtognathus,
Scolopodus,
Scombramphodon,
Scutula,
Semiacontiodus,
Siphonodella,
Siphonognathus,
Skeletognathus,
Solenognathus,
Spathognathodus,
Spinodus,
Staufferella,
Staurognathus,
Stolodus,
Streptognathodus,
Subbryantodus,
Subryantodus,
Synclydognathus,
Synprioniodina,
Teridontus,
Tetraprioniodus,
Timurlengia,
Tokeenia,
Tortodus,
Trichognathus,
Trichonodella,
Trichosphaerium,
Tricladiodus,
Tripodus,
Tropodus,
Tuxekania,
Tvaerenognathus,
Ulrichodina,
Utahconus,
Vogelgnathus,
Wallisoderus,
Westergaardodina,
Zygognathus,
,
,
,
,
,
,
,
,
,
,
,
,
,
,
,
,
,
,
,
,
,
,
,
,
,
,
,
,
,
,
,
,
,
,
,
,
,
,
,
,
,
,
,
,
,
,
,
,
,
,
,
,
,
,
,
,
,
,
,
,
,
,
,
,
,
,
,
,
,
,
,
,
,
,
,
,
,
,
,
,
,
,
,
,
,
,
,
,
,
,
,
,
,
,
,
,
,
,
,
,
,
,
,
,
,
,
,
,
,
,
,
,
,
,
,
,
,
,
,
,
,
,
,
,
,
,
,
,
,
,
,
,
,
,
,
,
,
,
,
,
,
,
,
,
,
,
,
,
,
,
,
,
,
,
,
,
,
,
,
,
,
,
,
,
,
,
,
,
,
,
,
,
,
,
,
,
,
,
,
,
,
,
,
,
,
,
,
,
,
,
,
,
,
,
,
,
,
,
,
,
,
,
,
,
,
,
,
,
,
,
,
,
,
,
,
,
,
,
,
,
,
,
,
,
,
,
,
,
,
,
,
,
,
,
,
,
,
,
,
,
,
,
,
,
,
,
,
,
,
,
,
,
,
,
,
,
,
,
,
,
,
,
,
,
,
,
,
,
,
,
,
,
,
,
,
,
,
,
,
,
,
,
,
,
,
,
,
,
,
,
,
,
,
,
,
,
,
,
,
,
,
,
,
,
,
,
,
,
,
,
,
,
,
,
,
,
,
,
,
,
,
,
,
,
,
,
,
,
,
,
,
,
,
,
,
,
,
,
,
,
,
,
,
,
,
,
,
,
,
,
,
,
,
,
,
,
,
,
,
,
,
,
,
,
,
,
,
,
,
,
,
,
,
,
,
,
,
,
,
,
,
,
,
,
,
,
,
,
,
,
,
,
,
,
,
,
,
,
,
,
,
,
,
,
,
,
,
,
,
,
,
,
,
,
,
,
,
,
,
,
,
,
,
,
,
,
,
,
,
,
,
,
,
,
,
,
,
,
,
,
,
,
,
,
,
,
,
,
,
,
,
,
,
,
,
,
,
,
,
,
,
,
,
,
,
,
,
,
,
,
,
,
,
,
,
,
,
,
,
,
,
,
,
,
,
,
,
,
,
,
,
,
,
,
,
,
,
,
,
,
,
,
,
,
,
,
,
,
,
,
,
,
,
,
,
,
,
,
,
,
,
,
,
,
,
,
,
,
,
,
,
,
,
,
,
,
,
,
,
,
,
,
,
,
,
,
,
,
,
,
,
,
,
,
,
,
,
,
,
,
,
,
,
,
,
,
,
,
,
,
,
,
,
,
,
,
,
,
,
,
,
,
,
,
,
,
,
,
,
,
,
,
,
,
,
,
,
,
,
,
,
,
,
,
,
,
,
,
,
,
,
,
,
,
,
,
,
,
,
,
,
,
,
,
,
,
,
,
,
,
,
,
,
,
,
,
,
,
,
,
,
,
,
,
,
,
,
,
,
,
,
,
,
,
,
,
,
,
,
,
,
,
,
,
,
,
,
,
,
,
,
,
,
,
,
,
,
,
,
,
,
,
,
,
,
,
,
,
,
,
,
,
,
,
,
,
,
,
,
,
,
,
,
,
,
,
,
,
,
,
,
,
,
,
,
,
,
,
,
,
,
,
,
,
,
,
,
,
,
,
,
,
,
,
,
,
,
,
,
,
,
,
,
,
,
,
,
,
,
,
,
,
,
,
,
,
,
,
,
,
,
,
,
,
,
,
,
,
,
,
,
,
,
,
,
,
,
,
,
,
,
,
,
,
,
,
,
,
,
,
,
,
,
,
,
,
,
,
,
,
,
,
,
,
,
,
,
,
,
,
,
,
,
,
,
,
,
,
,
,
,
,
,
,
,
,
,
,
,
,
,
,
,
,
,
,
,
,
,
,
,
,
,
,
,
,
,
,
,
,
,
,
,
,
,
,
,
,
,
,
,
,
,
,
,
,
,
,
,
,
,
,
,
,
,
,
,
,
,
,
,
,
,
,
,
,
,
,
,
,
,
,
,
,
,
,
,
,
,
,
,
,
,
,
,
,
,
,
,
,
,
,
,
,
,
,
,
,
,
,
,
,
,
,
,
,
,
,
,
,
,
,
,
,
,
,
,
,
,
,
,
,
,
,
,
,
,
,
,
,
,
,
,
,
,
,
,
,
,
,
,
,
,
,
,
,
,
,
,
,
,
,
,
,
,
,
,
,
,
,
,
,
,
,
,
,
,
,
,
,
,
,
,
,
,
,
,
,
,
,
,
,
,
,
,
,
,
,
,
,
,
,
,
,
,
,
,
,
,
,
,
,
,
,
,
,
,
,
,
,
,
,
,
,
,
,
,
,
,
,
,
,
,
,
,
,
,
,
,
,
,
,
,
,
,
,
,
,
,
,
,
,
,
,
,
,
,
,
,
,
,
,
,
,
,
,
,
,
,
,
,
,
,
,
,
,
,
,
,
,
,
,
,
,
,
,
,
,
,
,
,
,
,
,
,
,
,
,
,
,
,
,
,
,
,
,
,
,
,
,
,
,
,
,
,
,
,
,
,
,
,
,
,
,
,
,
,
,
,
,
,
,
,
,
,
,
,
,
,
,
,
,
,
,
,
,
,
,
,
,
,
,
,
,
,
,
,
,
,
,
,
,
,
,
,
,
,
,
,
,
,
,
,
,
,
,
,
,
,
,
,
,
,
,
,
,
,
,
,
,
,
,
,
,
,
,
,
,
,
,
,
,
,
,
,
,
,
,
,
,
,
,
,
,
,
,
,
,
,
,
,
,
,
,
,
,
,
,
,
,
,
,
,
,
,
,
,
,
,
,
,
,
,
,
,
,
,
,
,
,
,
,
,
,
,
,
,
,
,
,
,
,
,
,
,
,
,
,
,
,
,
,
,
,
,
,
,
,
,
,
,
,
,
,
,
,
,
,
,
,
,
,
,
,
,
,
,
,
,
,
,
,
,
,
,
,
,
,
,
,
,
,
,
,
,
,
,
,
,
,
,
,
,
,
,
,
,
,
,
,
,
,
,
,
,
,
,
,
,
,
,
,
,
,
,
,
,
,
,
,
,
,
,
,
,
,
,
,
,
,
,
,
,
,
,
,
,
,
,
,
,
,
,
,
,
,
,
,
,
,
,
,
,
,
,
,
,
,
,
,
,
,
,
,
,
,
,
,
,
,
,
,
,
,
,
,
,
,
,
,
,
,
,
,
,
,
,
,
,
,
,
,
,
,
,
,
,
,
,
,
,
,
,
,
,
,
,
,
,
,
,
,
,
,
,
,
,
,
,
,
,
,
,
,
,
,
,
,
,
,
,
,
,
,
,
,
,
,
,
,
,
,
,
,
,
,
,
,
,
,
,
,
,
,
,
,
,
,
,
,
,
,
,
,
,
,
,
,
,
,
,
,
,
,
,
,
,
,
,
,
,
,
,
,
,
,
,
,
,
,
,
,
,
,
,
,
,
,
,
,
,
,
,
,
,
,
,
,
,
,
,
,
,
,
,
,
,
,
,
,
,
,
,
,
,
,
,
,
,
,
,
,
,
,
,
,
,
,
,
,
,
,
,
,
,
,
,
,
,
,
,
,
,
,
,
,
,
,
,
,
,
,
,
,
,
,
,
,
,
,
,
,
,
,
,
,
,
,
,
,
,
,
,
,
,
,
,
,
,
,
,
,
,
,
,
,
,
,
,
,
,
,
,
,
,
,
,
,
,
,
,
,
,
,
,
,
,
,
,
,
,
,
,
,
,
,
,
,
,
,
,
,
,
,
,
,
,
,
,
,
,
,
,
,
,
,
,
,
,
,
,
,
,
,
,
,
,
,
,
,
,
,
,
,
,
,
,
,
,
,
,
,
,
,
,
,
,
,
,
,
,
,
,
,
,
,
,
,
,
,
,
,
,
,
,
,
,
,
,
,
,
,
,
,
,
,
,
,
,
,
,
,
,
,
,
,
,
,
,
,
,
,
,
,
,
,
,
,
,
,
,
,
,
,
,
,
,
,
,
,
,
,
,
,
,
,
,
,
,
,
,
,
,
,
,
,
,
,
,
,
,
,
,
,
,
,
,
,
,
,
,
,
,
,
,
,
,
,
,
,
,
,
,
,
,
,
,
,
,
,
,
,
,
,
,
,
,
,
,
,
,
,
,
,
,
,
,
,
,
,
,
,
,
,
,
,
,
,
,
,
,
,
,
,
,
,
,
,
,
,
,
,
,
,
,
,
,
,
,
,
,
,
,
,
,
,
,
,
,
,
,
,
,
,
,
,
,
,
,
,
,
,
,
,
,
,
,
,
,
,
,
,
,
,
,
,
,
,
,
,
,
,
,
,
,
,
,
,
,
,
,
,
,
,
,
,
,
,
,
,
,
,
,
,
,
,
,
,
,
,
,
,
,
,
,
,
,
,
,
,
,
,
,
,
,
,
,
,
,
,
,
,
,
,
,
,
,
,
,
,
,
,
,
,
,
,
,
,
,
,
,
,
,
,
,
,
,
,
,
,
,
,
,
,
,
,
,
,
,
,
,
,
,
,
,
,
,
,
,
,
,
,
,
,
,
,
,
,
,
,
,
,
,
,
,
,
,
,
,
,
,
,
,
,
,
,
,
,
,
,
,
,
,
,
,
,
,
,
,
,
,
,
,
,
,
,
,
,
,
,
,
,
,
,
,
,
,
,
,
,
,
,
,
,
,
,
,
,
,
,
,
,
,
,
,
,
,
,
,
,
,
,
,
,
,
,
,
,
,
,
,
,
,
,
,
,
,
,
,
,
,
,
,
,
,
,
,
,
,
,
,
,
,
,
,
,
,
,
,
,
,
,
,
,
,
,
,
,
,
,
,
,
,
,
,
,
,
,
,
,
,
,
,
,
,
,
,
,
,
,
,
,
,
,
,
,
,
,
,
,
,
,
,
,
,
,
,
,
,
,
,
,
,
,
,
,
,
,
,
,
,
,
,
,
,
,
,
,
,
,
,
,
,
,
,
,
,
,
,
,
,
,
,
,
,
,
,
,
,
,
,
,
,
,
,
,
,
,
,
,
,
,
,
,
,
,
,
,
,
,
,
,
,
,
,
,
,
,
,
,
,
,
,
,
,
,
,
,
,
,
,
,
,
,
,
,
,
,
,
,
,
,
,
,
,
,
,
,
,
,
,
,
,
,
,
,
,
,
,
,
,
,
,
,
,
,
,
,
,
,
,
,
,
,
,
,
,
,
,
,
,
,
,
,
,
,
,
,
,
,
,
,
,
,
,
,
,
,
,
,
,
,
,
,
,
,
,
,
,
,
,
,
,
,
,
,
,
,
,
,
,
,
,
,
,
,
,
,
,
,
,
,
,
,
,
,
,
,
,
,
,
,
,
,
,
,
,
,
,
,
,
,
,
,
,
,
,
,
,
,
,
,
,
,
,
,
,
,
,
,
,
,
,
,
,
,
,
,
,
,
,
,
,
,
,
,
,
,
,
,
,
,
,
,
,
,
,
,
,
,
,
,
,
,
,
,
,
,
,
,
,
,
,
,
,
,
,
,
,
,
,
,
,
,
,
,
,
,
,
,
,
,
,
,
,
,
,
,
,
,
,
,
,
,
,
,
,
,
,
,
,
,
,
,
,
,
,
,
,
,
,
,
,
,
,
,
,
,
,
,
,
,
,
,
,
,
,
,
,
,
,
,
,
,
,
,
,
,
,
,
,
,
,
,
,
,
,
,
,
,
,
,
,
,
,
,
,
,
,
,
,
,
,
,
,
,
,
,
,
,
,
,
,
,
,
,
,
,
,
,
,
,
,
,
,
,
,
,
,
,
,
,
,
,
,
,
,
,
,
,
,
,
,
,
,
,
,
,
,
,
,
,
,
,
,
,
,
,
,
,
,
,
,
,
,
,
,
,
,
,
,
,
,
,
,
,
,
,
,
,
,
,
,
,
,
,
,
,
,
,
,
,
,
,
,
,
,
,
,
,
,
,
,
,
,
,
,
,
,
,
,
,
,
,
,
,
,
,
,
,
,
,
,
,
,
,
,
,
,
,
,
,
,
,
,
,
,
,
,
,
,
,
,
,
,
,
,
,
,
,
,
,
,
,
,
,
,
,
,
,
,
,
,
,
,
,
,
,
,
,
,
,
,
,
,
,
,
,
,
,
,
,
,
,
,
,
,
,
,
,
,
,
,
,
,
,
,
,
,
,
,
,
,
,
,
,
,
,
,
,
,
,
,
,
,
,
,
,
,
,
,
,
,
,
,
,
,
,
,
,
,
,
,
,
,
,
,
,
,
,
,
,
,
,
,
,
,
,
,
,
,
,
,
,
,
,
,
,
,
,
,
,
,
,
,
,
,
,
,
,
,
,
,
,
,
,
,
,
,
,
,
,
,
,
,
,
,
,
,
,
,
,
,
,
,
,
,
,
,
,
,
,
,
,
,
,
,
,
,
,
,
,
,
,
,
,
,
,
,
,
,
,
,
,
,
,
,
,
,
,
,
,
,
,
,
,
,
,
,
,
,
,
,
,
,
,
,
,
,
,
,
,
,
,
,
,
,
,
,
,
,
,
,
,
,
,
,
,
,
,
,
,
,
,
,
,
,
,
,
,
,
,
,
,
,
,
,
,
,
,
,
,
,
,
,
,
,
,
,
,
,
,
,
,
,
,
,
,
,
,
,
,
,
,
,
,
,
,
,
,
,
,
,
,
,
,
,
,
,
,
,
,
,
,
,
,
,
,
,
,
,
,
,
,
,
,
,
,
,
,
,
,
,
,
,
,
,
,
,
,
,
,
,
,
,
,
,
,
,
,
,
,
,
,
,
,
,
,
,
,
,
,
,
,
,
,
,
,
,
,
,
,
,
,
,
,
,
,
,
,
,
,
,
,
,
,
,
,
,
,
,
,
,
,
,
,
,
,
,
,
,
,
,
,
,
,
,
,
,
,
,
,
,
,
,
,
,
,
,
,
,
,
,
,
,
,
,
,
,
,
,
,
,
,
,
,
,
,
,
,
,
,
,
,
,
,
,
,
,
,
,
,
,
,
,
,
,
,
,
,
,
,
,
,
,
,
,
,
,
,
,
,
,
,
,
,
,
,
,
,
,
,
,
,
,
,
,
,
,
,
,
,
,
,
,
,
,
,
,
,
,
,
,
,
,
,
,
,
,
,
,
,
,
,
,
,
,
,
,
,
,
,
,
,
,
,
,
,
,
,
,
,
,
,
,
,
,
,
,
,
,
,
,
,
,
,
,
,
,
,
,
,
,
,
,
,
,
,
,
,
,
,
,
,
,
,
,
,
,
,
,
,
,
,
,
,
,
,
,
,
,
,
,
,
,
,
,
,
,
,
,
,
,
,
,
,
,
,
,
,
,
,
,
,
,
,
,
,
,
,
,
,
,
,
,
,
,
,
,
,
,
,
,
,
,
,
,
,
,
,
,
,
,
,
,
,
,
,
,
,
,
,
,
,
,
,
,
,
,
,
,
,
,
,
,
,
,
,
,
,
,
,
,
,
,
,
,
,
,
,
,
,
,
,
,
,
,
,
,
,
,
,
,
,
,
,
,
,
,
,
,
,
,
,
,
,
,
,
,
,
,
,
,
,
,
,
,
,
,
,
,
,
,
,
,
,
,
,
,
,
,
,
,
,
,
,
,
,
,
,
,
,
,
,
,
,
,
,
,
,
,
,
,
,
,
,
,
,
,
,
,
,
,
,
,
,
,
,
,
,
,
,
,
,
,
,
,
,
,
,
,
,
,
,
,
,
,
,
,
,
,
,
,
,
,
,
,
,
,
,
,
,
,
,
,
,
,
,
,
,
,
,
,
,
,
,
,
,
,
,
,
,
,
,
,
,
,
,
,
,
,
,
,
,
,
,
,
,
,
,
,
,
,
,
,
,
,
,
,
,
,
,
,
,
,
,
,
,
,
,
,
,
,
,
,
,
,
,
,
,
,
,
,
,
,
,
,
,
,
,
,
,
,
,
,
,
,
,
,
,
,
,
,
,
,
,
,
,
,
,
,
,
,
,
,
,
,
,
,
,
,
,
,
,
,
,
,
,
,
,
,
,
,
,
,
,
,
,
,
,
,
,
,
,
,
,
,
,
,
,
,
,
,
,
,
,
,
,
,
,
,
,
,
,
,
,
,
,
,
,
,
,
,
,
,
,
,
,
,
,
,
,
,
,
,
,
,
,
,
,
,
,
,
,
,
,
,
,
,
,
,
,
,
,
,
,
,
,
,
,
,
,
,
,
,
,
,
,
,
,
,
,
,
,
,
,
,
,
,
,
,
,
,
,
,
,
,
,
,
,
,
,
,
,
,
,
,
,
,
,
,
,
,
,
,
,
,
,
,
,
,
,
,
,
,
,
,
,
,
,
,
,
,
,
,
,
,
,
,
,
,
,
,
,
,
,
,
,
,
,
,
,
,
,
,
,
,
,
,
,
,
,
,
,
,
,
,
,
,
,
,
,
,
,
,
,
,
,
,
,
,
,
,
,
,
,
,
,
,
,
,
,
,
,
,
,
,
,
,
,
,
,
,
,
,
,
,
,
,
,
,
,
,
,
,
,
,
,
,
,
,
,
,
,
,
,
,
,
,
,
,
,
,
,
,
,
,
,
,
,
,
,
,
,
,
,
,
,
,
,
,
,
,
,
,
,
,
,
,
,
,
,
,
,
,
,
,
,
,
,
,
,
,
,
,
,
,
,
,
,
,
,
,
,
,
,
,
,
,
,
,
,
,
,
,
,
,
,
,
,
,
,
,
,
,
,
,
,
,
,
,
,
,
,
,
,
,
,
,
,
,
,
,
,
,
,
,
,
,
,
,
,
,
,
,
,
,
,
,
,
,
,
,
,
,
,
,
,
,
,
,
,
,
,
,
,
,
,
,
,
,
,
,
,
,
,
,
,
,
,
,
,
,
,
,
,
,
,
,
,
,
,
,
,
,
,
,
,
,
,
,
,
,
,
,
,
,
,
,
,
,
,
,
,
,
,
,
,
,
,
,
,
,
,
,
,
,
,
,
,
,
,
,
,
,
,
,
,
,
,
,
,
,
,
,
,
,
,
,
,
,
,
,
,
,
,
,
,
,
,
,
,
,
,
,
,
,
,
,
,
,
,
,
,
,
,
,
,
,
,
,
,
,
,
,
,
,
,
,
,
,
,
,
,
,
,
,
,
,
,
,
,
,
,
,
,
,
,
,
,
,
,
,
,
,
,
,
,
,
,
,
,
,
,
,
,
,
,
,
,
,
,
,
,
,
,
,
,
,
,
,
,
,
,
,
,
,
,
,
,
,
,
,
,
,
,
,
,
,
,
,
,
,
,
,
,
,
,
,
,
,
,
,
,
,
,
,
,
,
,
,
,
,
,
,
,
,
,
,
,
,
,
,
,
,
,
,
,
,
,
,
,
,
,
,
,
,
,
,
,
,
,
,
,
,
,
,
,
,
,
,
,
,
,
,
,
,
,
,
,
,
,
,
,
,
,
,
,
,
,
,
,
,
,
,
,
,
,
,
,
,
,
,
,
,
,
,
,
,
,
,
,
,
,
,
,
,
,
,
,
,
,
,
,
,
,
,
,
,
,
,
,
,
,
,
,
,
,
,
,
,
,
,
,
,
,
,
,
,
,
,
,
,
,
,
,
,
,
,
,
,
,
,
,
,
,
,
,
,
,
,
,
,
,
,
,
,
,
,
,
,
,
,
,
,
,
,
,
,
,
,
,
,
,
,
,
,
,
,
,
,
,
,
,
,
,
,
,
,
,
,
,
,
,
,
,
,
,
,
,
,
,
,
,
,
,
,
,
,
,
,
,
,
,
,
,
,
,
,
,
,
,
,
,
,
,
,
,
,
,
,
,
,
,
,
,
,
,
,
,
,
,
,
,
,
,
,
,
,
,
,
,
,
,
,
,
,
,
,
,
,
,
,
,
,
,
,
,
,
,
,
,
,
,
,
,
,
,
,
,
,
,
,
,
,
,
,
,
,
,
,
,
,
,
,
,
,
,
,
,
,
,
,
,
,
,
,
,
,
,
,
,
,
,
,
,
,
,
,
,
,
,
,
,
,
,
,
,
,
,
,
,
,
,
,
,
,
,
,
,
,
,
,
,
,
,
,
,
,
,
,
,
,
,
,
,
,
,
,
,
,
,
,
,
,
,
,
,
,
,
,
,
,
,
,
,
,
,
,
,
,
,
,
,
,
,
,
,
,
,
,
,
,
,
,
,
,
,
,
,
,
,
,
,
,
,
,
,
,
,
,
,
,
,
,
,
,
,
,
,
,
,
,
,
,
,
,
,
,
,
,
,
,
,
,
,
,
,
,
,
,
,
,
,
,
,
,
,
,
,
,
,
,
,
,
,
,
,
,
,
,
,
,
,
,
,
,
,
,
,
,
,
,
,
,
,
,
,
,
,
,
,
,
,
,
,
,
,
,
,
,
,
,
,
,
,
,
,
,
,
,
,
,
,
,
,
,
,
,
,
,
,
,
,
,
,
,
,
,
,
,
,
,
,
,
,
,
,
,
,
,
,
,
,
,
,
,
,
,
,
,
,
,
,
,
,
,
,
,
,
,
,
,
,
,
,
,
,
,
,
,
,
,
,
,
,
,
,
,
,
,
,
,
,
,
,
,
,
,
,
,
,
,
,
,
,
,
,
,
,
,
,
,
,
,
,
,
,
,
,
,
,
,
,
,
,
,
,
,
,
,
,
,
,
,
,
,
,
,
,
,
,
,
,
,
,
,
,
,
,
,
,
,
,
,
,
,
,
,
,
,
,
,
,
,
,
,
,
,
,
,
,
,
,
,
,
,
,
,
,
,
,
,
,
,
,
,
,
,
,
,
,
,
,
,
,
,
,
,
,
,
,
,
,
,
,
,
,
,
,
,
,
,
,
,
,
,
,
,
,
,
,
,
,
,
,
,
,
,
,
,
,
,
,
,
,
,
,
,
,
,
,
,
,
,
,
,
,
,
,
,
,
,
,
,
,
,
,
,
,
,
,
,
,
,
,
,
,
,
,
,
,
,
,
,
,
,
,
,
,
,
,
,
,
,
,
,
,
,
,
,
,
,
,
,
,
,
,
,
,
,
,
,
,
,
,
,
,
,
,
,
,
,
,
,
,
,
,
,
,
,
,
,
,
,
,
,
,
,
,
,
,
,
,
,
,
,
,
,
,
,
,
,
,
,
,
,
,
,
,
,
,
,
,
,
,
,
,
,
,
,
,
,
,
,
,
,
,
,
,
,
,
,
,
,
,
,
,
,
,
,
,
,
,
,
,
,
,
,
,
,
,
,
,
,
,
,
,
,
,
,
,
,
,
,
,
,
,
,
,
,
,
,
,
,
,
,
,
,
,
,
,
,
,
,
,
,
,
,
,
,
,
,
,
,
,
,
,
,
,
,
,
,
,
,
,
,
,
,
,
,
,
,
,
,
,
,
,
,
,
,
,
,
,
,
,
,
,
,
,
,
,
,
,
,
,
,
,
,
,
,
,
,
,
,
,
,
,
,
,
,
,
,
,
,
,
,
,
,
,
,
,
,
,
,
,
,
,
,
,
,
,
,
,
,
,
,
,
,
,
,
,
,
,
,
,
,
,
,
,
,
,
,
,
,
,
,
,
,
,
,
,
,
,
,
,
,
,
,
,
,
,
,
,
,
,
,
,
,
,
,
,
,
,
,
,
,
,
,
,
,
,
,
,
,
,
,
,
,
,
,
,
,
,
,
,
,
,
,
,
,
,
,
,
,
,
,
,
,
,
,
,
,
,
,
,
,
,
,
,
,
,
,
,
,
,
,
,
,
,
,
,
,
,
,
,
,
,
,
,
,
,
,
,
,
,
,
,
,
,
,
,
,
,
,
,
,
,
,
,
,
,
,
,
,
,
,
,
,
,
,
,
,
,
,
,
,
,
,
,
,
,
,
,
,
,
,
,
,
,
,
,
,
,
,
,
,
,
,
,
,
,
,
,
,
,
,
,
,
,
,
,
,
,
,
,
,
,
,
,
,
,
,
,
,
,
,
,
,
,
,
,
,
,
,
,
,
,
,
,
,
,
,
,
,
,
,
,
,
,
,
,
,
,
,
,
,
,
,
,
,
,
,
,
,
,
,
,
,
,
,
,
,
,
,
,
,
,
,
,
,
,
,
,
,
,
,
,
,
,
,
,
,
,
,
,
,
,
,
,
,
,
,
,
,
,
,
,
,
,
,
,
,
,
,
,
,
,
,
,
,
,
,
,
,
,
,
,
,
,
,
,
,
,
,
,
,
,
,
,
,
,
,
,
,
,
,
,
,
,
,
,
,
,
,
,
,
,
,
,
,
,
,
,
,
,
,
,
,
,
,
,
,
,
,
,
,
,
,
,
,
,
,
,
,
,
,
,
,
,
,
,
,
,
,
,
,
,
,
,
,
,
,
,
,
,
,
,
,
,
,
,
,
,
,
,
,
,
,
,
,
,
,
,
,
,
,
,
,
,
,
,
,
,
,
,
,
,
,
,
,
,
,
,
,
,
,
,
,
,
,
,
,
,
,
,
,
,
,
,
,
,
,
,
,
,
,
,
,
,
,
,
,
,
,
,
,
,
,
,
,
,
,
,
,
,
,
,
,
,
,
,
,
,
,
,
,
,
,
,
,
,
,
,
,
,
,
,
,
,
,
,
,
,
,
,
,
,
,
,
,
,
,
,
,
,
,
,
,
,
,
,
,
,
,
,
,
,
,
,
,
,
,
,
,
,
,
,
,
,
,
,
,
,
,
,
,
,
,
,
,
,
,
,
,
,
,
,
,
,
,
,
,
,
,
,
,
,
,
,
,
,
,
,
,
,
,
,
,
,
,
,
,
,
,
,
,
,
,
,
,
,
,
,
,
,
,
,
,
,
,
,
,
,
,
,
,
,
,
,
,
,
,
,
,
,
,
,
,
,
,
,
,
,
,
,
,
,
,
,
,
,
,
,
,
,
,
,
,
,
,
,
,
,
,
,
,
,
,
,
,
,
,
,
,
,
,
,
,
,
,
,
,
,
,
,
,
,
,
,
,
,
,
,
,
,
,
,
,
,
,
,
,
,
,
,
,
,
,
,
,
,
,
,
,
,
,
,
,
,
,
,
,
,
,
,
,
,
,
,
,
,
,
,
,
,
,
,
,
,
,
,
,
,
,
,
,
,
,
,
,
,
,
,
,
,
,
,
,
,
,
,
,
,
,
,
,
,
,
,
,
,
,
,
,
,
,
,
,
,
,
,
,
,
,
,
,
,
,
,
,
,
,
,
,
,
,
,
,
,
,
,
,
,
,
,
,
,
,
,
,
,
,
,
,
,
,
,
,
,
,
,
,
,
,
,
,
,
,
,
,
,
,
,
,
,
,
,
,
,
,
,
,
,
,
,
,
,
,
,
,
,
,
,
,
,
,
,
,
,
,
,
,
,
,
,
,
,
,
,
,
,
,
,
,
,
,
,
,
,
,
,
,
,
,
,
,
,
,
,
,
,
,
,
,
,
,
,
,
,
,
,
,
,
,
,
,
,
,
,
,
,
,
,
,
,
,
,
,
,
,
,
,
,
,
,
,
,
,
,
,
,
,
,
,
,
,
,
,
,
,
,
,
,
,
,
,
,
,
,
,
,
,
,
,
,
,
,
,
,
,
,
,
,
,
,
,
,
,
,
,
,
,
,
,
,
,
,
,
,
,
,
,
,
,
,
,
,
,
,
,
,
,
,
,
,
,
,
,
,
,
,
,
,
,
,
,
,
,
,
,
,
,
,
,
,
,
,
,
,
,
,
,
,
,
,
,
,
,
,
,
,
,
,
,
,
,
,
,
,
,
,
,
,
,
,
,
,
,
,
,
,
,
,
,
,
,
,
,
,
,
,
,
,
,
,
,
,
,
,
,
,
,
,
,
,
,
,
,
,
,
,
,
,
,
,
,
,
,
,
,
,
,
,
,
,
,
,
,
,
,
,
,
,
,
,
,
,
,
,
,
,
,
,
,
,
,
,
,
,
,
,
,
,
,
,
,
,
,
,
,
,
,
,
,
,
,
,
,
,
,
,
,
,
,
,
,
,
,
,
,
,
,
,
,
,
,
,
,
,
,
,
,
,
,
,
,
,
,
,
,
,
,
,
,
,
,
,
,
,
,
,
,
,
,
,
,
,
,
,
,
,
,
,
,
,
,
,
,
,
,
,
,
,
,
,
,
,
,
,
,
,
,
,
,
,
,
,
,
,
,
,
,
,
,
,
,
,
,
,
,
,
,
,
,
,
,
,
,
,
,
,
,
,
,
,
,
,
,
,
,
,
,
,
,
,
,
,
,
,
,
,
,
,
,
,
,
,
,
,
,
,
,
,
,
,
,
,
,
,
,
,
,
,
,
,
,
,
,
,
,
,
,
,
,
,
,
,
,
,
,
,
,
,
,
,
,
,
,
,
,
,
,
,
,
,
,
,
,
,
,
,
,
,
,
,
,
,
,
,
,
,
,
,
,
,
,
,
,
,
,
,
,
,
,
,
,
,
,
,
,
,
,
,
,
,
,
,
,
,
,
,
,
,
,
,
,
,
,
,
,
,
,
,
,
,
,
,
,
,
,
,
,
,
,
,
,
,
,
,
,
,
,
,
,
,
,
,
,
,
,
,
,
,
,
,
,
,
,
,
,
,
,
,
,
,
,
,
,
,
,
,
,
,
,
,
,
,
,
,
,
,
,
,
,
,
,
,
,
,
,
,
,
,
,
,
,
,
,
,
,
,
,
,
,
,
,
,
,
,
,
,
,
,
,
,
,
,
,
,
,
,
,
,
,
,
,
,
,
,
,
,
,
,
,
,
,
,
,
,
,
,
,
,
,
,
,
,
,
,
,
,
,
,
,
,
,
,
,
,
,
,
,
,
,
,
,
,
,
,
,
,
,
,
,
,
,
,
,
,
,
,
,
,
,
,
,
,
,
,
,
,
,
,
,
,
,
,
,
,
,
,
,
,
,
,
,
,
,
,
,
,
,
,
,
,
,
,
,
,
,
,
,
,
,
,
,
,
,
,
,
,
,
,
,
,
,
,
,
,
,
,
,
,
,
,
,
,
,
,
,
,
,
,
,
,
,
,
,
,
,
,
,
,
,
,
,
,
,
,
,
,
,
,
,
,
,
,
,
,
,
,
,
,
,
,
,
,
,
,
,
,
,
,
,
,
,
,
,
,
,
,
,
,
,
,
,
,
,
,
,
,
,
,
,
,
,
,
,
,
,
,
,
,
,
,
,
,
,
,
,
,
,
,
,
,
,
,
,
,
,
,
,
,
,
,
,
,
,
,
,
,
,
,
,
,
,
,
,
,
,
,
,
,
,
,
,
,
,
,
,
,
,
,
,
,
,
,
,
,
,
,
,
,
,
,
,
,
,
,
,
,
,
,
,
,
,
,
,
,
,
,
,
,
,
,
,
,
,
,
,
,
,
,
,
,
,
,
,
,
,
,
,
,
,
,
,
,
,
,
,
,
,
,
,
,
,
,
,
,
,
,
,
,
,
,
,
,
,
,
,
,
,
,
,
,
,
,
,
,
,
,
,
,
,
,
,
,
,
,
,
,
,
,
,
,
,
,
,
,
,
,
,
,
,
,
,
,
,
,
,
,
,
,
,
,
,
,
,
,
,
,
,
,
,
,
,
,
,
,
,
,
,
,
,
,
,
,
,
,
,
,
,
,
,
,
,
,
,
,
,
,
,
,
,
,
,
,
,
,
,
,
,
,
,
,
,
,
,
,
,
,
,
,
,
,
,
,
,
,
,
,
,
,
,
,
,
,
,
,
,
,
,
,
,
,
,
,
,
,
,
,
,
,
,
,
,
,
,
,
,
,
,
,
,
,
,
,
,
,
,
,
,
,
,
,
,
,
,
,
,
,
,
,
,
,
,
,
,
,
,
,
,
,
,
,
,
,
,
,
,
,
,
,
,
,
,
,
,
,
,
,
,
,
,
,
,
,
,
,
,
,
,
,
,
,
,
,
,
,
,
,
,
,
,
,
,
,
,
,
,
,
,
,
,
,
,
,
,
,
,
,
,
,
,
,
,
,
,
,
,
,
,
,
,
,
,
,
,
,
,
,
,
,
,
,
,
,
,
,
,
,
,
,
,
,
,
,
,
,
,
,
,
,
,
,
,
,
,
,
,
,
,
,
,
,
,
,
,
,
,
,
,
,
,
,
,
,
,
,
,
,
,
,
,
,
,
,
,
,
,
,
,
,
,
,
,
,
,
,
,
,
,
,
,
,
,
,
,
,
,
,
,
,
,
,
,
,
,
,
,
,
,
,
,
,
,
,
,
,
,
,
,
,
,
,
,
,
,
,
,
,
,
,
,
,
,
,
,
,
,
,
,
,
,
,
,
,
,
,
,
,
,
,
,
,
,
,
,
,
,
,
,
,
,
,
,
,
,
,
,
,
,
,
,
,
,
,
,
,
,
,
,
,
,
,
,
,
,
,
,
,
,
,
,
,
,
,
,
,
,
,
,
,
,
,
,
,
,
,
,
,
,
,
,
,
,
,
,
,
,
,
,
,
,
,
,
,
,
,
,
,
,
,
,
,
,
,
,
,
,
,
,
,
,
,
,
,
,
,
,
,
,
,
,
,
,
,
,
,
,
,
,
,
,
,
,
,
,
,
,
,
,
,
,
,
,
,
,
,
,
,
,
,
,
,
,
,
,
,
,
,
,
,
,
,
,
,
,
,
,
,
,
,
,
,
,
,
,
,
,
,
,
,
,
,
,
,
,
,
,
,
,
,
,
,
,
,
,
,
,
,
,
,
,
,
,
,
,
,
,
,
,
,
,
,
,
,
,
,
,
,
,
,
,
,
,
,
,
,
,
,
,
,
,
,
,
,
,
,
,
,
,
,
,
,
,
,
,
,
,
,
,
,
,
,
,
,
,
,
,
,
,
,
,
,
,
,
,
,
,
,
,
,
,
,
,
,
,
,
,
,
,
,
,
,
,
,
,
,
,
,
,
,
,
,
,
,
,
,
,
,
,
,
,
,
,
,
,
,
,
,
,
,
,
,
,
,
,
,
,
,
,
,
,
,
,
,
,
,
,
,
,
,
,
,
,
,
,
,
,
,
,
,
,
,
,
,
,
,
,
,
,
,
,
,
,
,
,
,
,
,
,
,
,
,
,
,
,
,
,
,
,
,
,
,
,
,
,
,
,
,
,
,
,
,
,
,
,
,
,
,
,
,
,
,
,
,
,
,
,
,
,
,
,
,
,
,
,
,
,
,
,
,
,
,
,
,
,
,
,
,
,
,
,
,
,
,
,
,
,
,
,
,
,
,
,
,
,
,
,
,
,
,
,
,
,
,
,
,
,
,
,
,
,
,
,
,
,
,
,
,
,
,
,
,
,
,